name,link_id,osm_way_id,from_node_id,to_node_id,dir_flag,length,lanes,free_speed,capacity,link_type_name,link_type,geometry,allowed_uses,from_biway,is_link,VDF_fftt1,VDF_cap1
East 6th Street,1,5591077,1,2,1,141.16,1,,,residential,6,"LINESTRING (-111.9303126 33.4236793, -111.9302974 33.4237487, -111.9302893 33.4237753, -111.9302809 33.4238008, -111.9302683 33.4238287, -111.9302531 33.4238532, -111.9302353 33.4238761, -111.9302153 33.4238971, -111.9301901 33.4239166, -111.9301629 33.4239344, -111.9301342 33.4239491, -111.9301050 33.4239619, -111.9300750 33.4239741, -111.9299266 33.4240263, -111.9292474 33.4242503, -111.9290798 33.4242989)",auto,1,0,,
East 6th Street,2,5591077,2,1,1,141.16,1,,,residential,6,"LINESTRING (-111.9290798 33.4242989, -111.9292474 33.4242503, -111.9299266 33.4240263, -111.9300750 33.4239741, -111.9301050 33.4239619, -111.9301342 33.4239491, -111.9301629 33.4239344, -111.9301901 33.4239166, -111.9302153 33.4238971, -111.9302353 33.4238761, -111.9302531 33.4238532, -111.9302683 33.4238287, -111.9302809 33.4238008, -111.9302893 33.4237753, -111.9302974 33.4237487, -111.9303126 33.4236793)",auto,1,0,,
East Jen Tilly Lane,3,5593228,3,4,1,95.22,1,40,,residential,6,"LINESTRING (-111.9242764 33.4118974, -111.9237971 33.4118946, -111.9236321 33.4118936, -111.9232523 33.4118914)",auto,1,0,,
East Jen Tilly Lane,4,5593228,4,3,1,95.22,1,40,,residential,6,"LINESTRING (-111.9232523 33.4118914, -111.9236321 33.4118936, -111.9237971 33.4118946, -111.9242764 33.4118974)",auto,1,0,,
South McAllister Avenue,5,5624529,5,6,1,170.54,1,40,,tertiary,5,"LINESTRING (-111.9288523 33.4180544, -111.9288521 33.4177470, -111.9288571 33.4176455, -111.9288750 33.4175250, -111.9288928 33.4174421, -111.9289101 33.4173761, -111.9289519 33.4172679, -111.9290111 33.4171412, -111.9290658 33.4170466, -111.9291629 33.4169067, -111.9292636 33.4167865, -111.9294120 33.4166399)",auto,1,0,,
South McAllister Avenue,6,5624529,6,5,1,170.54,1,40,,tertiary,5,"LINESTRING (-111.9294120 33.4166399, -111.9292636 33.4167865, -111.9291629 33.4169067, -111.9290658 33.4170466, -111.9290111 33.4171412, -111.9289519 33.4172679, -111.9289101 33.4173761, -111.9288928 33.4174421, -111.9288750 33.4175250, -111.9288571 33.4176455, -111.9288521 33.4177470, -111.9288523 33.4180544)",auto,1,0,,
South Packard Drive,7,5630444,2,7,1,486.7,1,,,unclassified,15,"LINESTRING (-111.9290798 33.4242989, -111.9291226 33.4243850, -111.9291911 33.4245463, -111.9292203 33.4246475, -111.9292367 33.4247290, -111.9292440 33.4248062, -111.9292506 33.4248952, -111.9292543 33.4249537, -111.9292564 33.4252977, -111.9292588 33.4256477, -111.9292613 33.4260085, -111.9292621 33.4261150, -111.9292627 33.4261516, -111.9292732 33.4267326, -111.9292840 33.4273261, -111.9292893 33.4279802, -111.9293056 33.4285499, -111.9293060 33.4286668)",auto,1,0,,
South Packard Drive,8,5630444,7,2,1,486.7,1,,,unclassified,15,"LINESTRING (-111.9293060 33.4286668, -111.9293056 33.4285499, -111.9292893 33.4279802, -111.9292840 33.4273261, -111.9292732 33.4267326, -111.9292627 33.4261516, -111.9292621 33.4261150, -111.9292613 33.4260085, -111.9292588 33.4256477, -111.9292564 33.4252977, -111.9292543 33.4249537, -111.9292506 33.4248952, -111.9292440 33.4248062, -111.9292367 33.4247290, -111.9292203 33.4246475, -111.9291911 33.4245463, -111.9291226 33.4243850, -111.9290798 33.4242989)",auto,1,0,,
South Forest Avenue,9,5640924,8,9,1,141.07,1,24,,residential,6,"LINESTRING (-111.9366324 33.4174773, -111.9366283 33.4173869, -111.9366279 33.4173593, -111.9366160 33.4164391, -111.9366153 33.4163183, -111.9366156 33.4162727, -111.9366150 33.4162050)",auto,1,0,,
South Forest Avenue,10,5640924,9,8,1,141.07,1,24,,residential,6,"LINESTRING (-111.9366150 33.4162050, -111.9366156 33.4162727, -111.9366153 33.4163183, -111.9366160 33.4164391, -111.9366279 33.4173593, -111.9366283 33.4173869, -111.9366324 33.4174773)",auto,1,0,,
South Forest Avenue,11,5640924,9,10,1,162.32,1,24,,residential,6,"LINESTRING (-111.9366150 33.4162050, -111.9366127 33.4161377, -111.9366121 33.4161007, -111.9366060 33.4154179, -111.9366028 33.4150954, -111.9366013 33.4149437, -111.9365974 33.4148035, -111.9365984 33.4147410)",auto,1,0,,
South Forest Avenue,12,5640924,10,9,1,162.32,1,24,,residential,6,"LINESTRING (-111.9365984 33.4147410, -111.9365974 33.4148035, -111.9366013 33.4149437, -111.9366028 33.4150954, -111.9366060 33.4154179, -111.9366121 33.4161007, -111.9366127 33.4161377, -111.9366150 33.4162050)",auto,1,0,,
East 10th Street,13,5643860,11,12,1,160.12,1,24,,residential,6,"LINESTRING (-111.9381322 33.4190867, -111.9381900 33.4190773, -111.9385248 33.4190744, -111.9394786 33.4190668, -111.9397690 33.4190666, -111.9398030 33.4190672, -111.9398533 33.4190667)",auto,1,0,,
East 10th Street,14,5643860,12,11,1,160.12,1,24,,residential,6,"LINESTRING (-111.9398533 33.4190667, -111.9398030 33.4190672, -111.9397690 33.4190666, -111.9394786 33.4190668, -111.9385248 33.4190744, -111.9381900 33.4190773, -111.9381322 33.4190867)",auto,1,0,,
South Myrtle Avenue,15,5658805,13,14,1,153.37,1,24,,residential,6,"LINESTRING (-111.9381506 33.4218987, -111.9381490 33.4218417, -111.9381410 33.4212157, -111.9381320 33.4205154)",auto,1,0,,
South Myrtle Avenue,16,5658805,14,13,1,153.37,1,24,,residential,6,"LINESTRING (-111.9381320 33.4205154, -111.9381410 33.4212157, -111.9381490 33.4218417, -111.9381506 33.4218987)",auto,1,0,,
South Myrtle Avenue,17,5658805,14,11,1,158.5,1,24,,residential,6,"LINESTRING (-111.9381320 33.4205154, -111.9381258 33.4202962, -111.9381248 33.4202238, -111.9381226 33.4201018, -111.9381211 33.4199626, -111.9381172 33.4196844, -111.9381214 33.4191340, -111.9381322 33.4190867)",auto,1,0,,
South Myrtle Avenue,18,5658805,11,14,1,158.5,1,24,,residential,6,"LINESTRING (-111.9381322 33.4190867, -111.9381214 33.4191340, -111.9381172 33.4196844, -111.9381211 33.4199626, -111.9381226 33.4201018, -111.9381248 33.4202238, -111.9381258 33.4202962, -111.9381320 33.4205154)",auto,1,0,,
East Tyler Street,19,5664425,15,16,1,97.84,1,24,,residential,6,"LINESTRING (-111.9289334 33.4202593, -111.9288120 33.4202592, -111.9287742 33.4202597, -111.9281091 33.4202688, -111.9280210 33.4202698, -111.9279077 33.4202707, -111.9278824 33.4202775)",auto,1,0,,
East Tyler Street,20,5664425,16,15,1,97.84,1,24,,residential,6,"LINESTRING (-111.9278824 33.4202775, -111.9279077 33.4202707, -111.9280210 33.4202698, -111.9281091 33.4202688, -111.9287742 33.4202597, -111.9288120 33.4202592, -111.9289334 33.4202593)",auto,1,0,,
West 9th Street,21,5669184,17,18,1,67.35,1,24,,residential,6,"LINESTRING (-111.9391522 33.4204981, -111.9392023 33.4204960, -111.9397030 33.4204945, -111.9398241 33.4204922, -111.9398765 33.4204910)",auto,1,0,,
West 9th Street,22,5669184,18,17,1,67.35,1,24,,residential,6,"LINESTRING (-111.9398765 33.4204910, -111.9398241 33.4204922, -111.9397030 33.4204945, -111.9392023 33.4204960, -111.9391522 33.4204981)",auto,1,0,,
East Orange Street,23,28875481,19,20,1,237.41,1,24,,residential,6,"LINESTRING (-111.9314005 33.4183668, -111.9312446 33.4183693, -111.9311612 33.4183763, -111.9310816 33.4183981, -111.9310345 33.4184085, -111.9309963 33.4184114, -111.9307751 33.4184131, -111.9302052 33.4184174, -111.9300761 33.4184192, -111.9289538 33.4184337, -111.9288536 33.4184375)",auto,1,0,,
East Orange Street,24,28875481,20,19,1,237.41,1,24,,residential,6,"LINESTRING (-111.9288536 33.4184375, -111.9289538 33.4184337, -111.9300761 33.4184192, -111.9302052 33.4184174, -111.9307751 33.4184131, -111.9309963 33.4184114, -111.9310345 33.4184085, -111.9310816 33.4183981, -111.9311612 33.4183763, -111.9312446 33.4183693, -111.9314005 33.4183668)",auto,1,0,,
South McAllister Avenue,25,30031291,144,22,1,350.55,1,40,,residential,6,"LINESTRING (-111.9306634 33.4147260, -111.9306650 33.4146657, -111.9306655 33.4145974, -111.9306656 33.4140941, -111.9306575 33.4139710, -111.9306450 33.4138920, -111.9306250 33.4138006, -111.9305783 33.4136333, -111.9305606 33.4135119, -111.9305503 33.4115364, -111.9305440 33.4115122)",auto,1,0,,
South McAllister Avenue,26,30031291,22,144,1,350.55,1,40,,residential,6,"LINESTRING (-111.9305440 33.4115122, -111.9305503 33.4115364, -111.9305606 33.4135119, -111.9305783 33.4136333, -111.9306250 33.4138006, -111.9306450 33.4138920, -111.9306575 33.4139710, -111.9306656 33.4140941, -111.9306655 33.4145974, -111.9306650 33.4146657, -111.9306634 33.4147260)",auto,1,0,,
South Terrace Road,27,30031470,23,24,1,397.66,1,40,,tertiary,5,"LINESTRING (-111.9254711 33.4193526, -111.9254173 33.4193059, -111.9253447 33.4192532, -111.9252716 33.4192008, -111.9252093 33.4191578, -111.9251687 33.4191286, -111.9251297 33.4190964, -111.9243576 33.4184057, -111.9239244 33.4180230, -111.9232758 33.4174484, -111.9229534 33.4171591, -111.9227895 33.4170116, -111.9226256 33.4168589, -111.9225191 33.4167595)",auto,0,0,,
East Veterans Way,28,30031644,25,26,1,72.21,1,48,,tertiary,5,"LINESTRING (-111.9301640 33.4230713, -111.9300699 33.4230394, -111.9299871 33.4230080, -111.9299028 33.4229702, -111.9298195 33.4229296, -111.9297369 33.4228875, -111.9296372 33.4228337, -111.9294899 33.4227512)",auto,1,0,,
East Veterans Way,29,30031644,26,25,1,72.21,1,48,,tertiary,5,"LINESTRING (-111.9294899 33.4227512, -111.9296372 33.4228337, -111.9297369 33.4228875, -111.9298195 33.4229296, -111.9299028 33.4229702, -111.9299871 33.4230080, -111.9300699 33.4230394, -111.9301640 33.4230713)",auto,1,0,,
East Veterans Way,30,30031694,27,28,1,119.81,1,48,,tertiary,5,"LINESTRING (-111.9349416 33.4254115, -111.9347526 33.4253235, -111.9346612 33.4252835, -111.9345644 33.4252434, -111.9344860 33.4252146, -111.9344008 33.4251844, -111.9337690 33.4249658)",auto,0,0,,
East Veterans Way,31,30031694,28,29,1,296.46,1,48,,tertiary,5,"LINESTRING (-111.9337690 33.4249658, -111.9336623 33.4249299, -111.9334908 33.4248691, -111.9333825 33.4248299, -111.9332692 33.4247847, -111.9331564 33.4247344, -111.9330504 33.4246818, -111.9329336 33.4246196, -111.9328259 33.4245542, -111.9327186 33.4244845, -111.9326075 33.4244052, -111.9325074 33.4243280, -111.9324186 33.4242553, -111.9323330 33.4241844, -111.9321121 33.4240022, -111.9315938 33.4235729, -111.9315397 33.4235322, -111.9314818 33.4234889, -111.9314285 33.4234518, -111.9313747 33.4234182, -111.9313148 33.4233843, -111.9312621 33.4233557)",auto,0,0,,
East Veterans Way,32,30031703,30,31,1,204.88,1,48,,tertiary,5,"LINESTRING (-111.9304115 33.4231876, -111.9305238 33.4232284, -111.9305852 33.4232520, -111.9309416 33.4233814, -111.9310075 33.4234055, -111.9310718 33.4234297, -111.9311394 33.4234601, -111.9311950 33.4234873, -111.9312556 33.4235200, -111.9313179 33.4235570, -111.9313760 33.4235943, -111.9314329 33.4236353, -111.9314836 33.4236757, -111.9315441 33.4237240, -111.9320002 33.4241036, -111.9321775 33.4242506)",auto,0,0,,
East Veterans Way,33,30031703,31,32,1,146.65,1,48,,tertiary,5,"LINESTRING (-111.9321775 33.4242506, -111.9324299 33.4244573, -111.9325371 33.4245376, -111.9326362 33.4246071, -111.9327387 33.4246713, -111.9328519 33.4247394, -111.9329461 33.4247899, -111.9330344 33.4248333, -111.9331259 33.4248769, -111.9332320 33.4249219, -111.9333465 33.4249665, -111.9334559 33.4250076)",auto,0,0,,
East Veterans Way,34,30031703,32,33,1,50.69,1,48,,tertiary,5,"LINESTRING (-111.9334559 33.4250076, -111.9336012 33.4250592, -111.9337013 33.4250972, -111.9337914 33.4251323, -111.9338643 33.4251601, -111.9339519 33.4251973)",auto,0,0,,
South Athletes Place,35,30570980,34,35,1,201.47,1,40,,residential,6,"LINESTRING (-111.9228964 33.4220263, -111.9228965 33.4221320, -111.9228968 33.4224269, -111.9228971 33.4227260, -111.9228975 33.4230536, -111.9228981 33.4236505, -111.9229026 33.4238435)",auto,1,0,,
South Athletes Place,36,30570980,35,34,1,201.47,1,40,,residential,6,"LINESTRING (-111.9229026 33.4238435, -111.9228981 33.4236505, -111.9228975 33.4230536, -111.9228971 33.4227260, -111.9228968 33.4224269, -111.9228965 33.4221320, -111.9228964 33.4220263)",auto,1,0,,
Gammage Parkway,37,72748048,36,37,1,276.12,1,24,,residential,6,"LINESTRING (-111.9366801 33.4176179, -111.9367204 33.4176388, -111.9367603 33.4176472, -111.9367844 33.4176481, -111.9372473 33.4176456, -111.9376553 33.4176415, -111.9380863 33.4176374, -111.9381405 33.4176359, -111.9382212 33.4176353, -111.9390243 33.4176262, -111.9396414 33.4176196)",auto,0,0,,
East Lemon Street,38,157628502,9,38,1,155.62,1,24,,residential,6,"LINESTRING (-111.9366150 33.4162050, -111.9365070 33.4161976, -111.9364706 33.4161971, -111.9364014 33.4161951, -111.9363378 33.4161897, -111.9362854 33.4161798, -111.9362434 33.4161713, -111.9361764 33.4161524, -111.9360509 33.4161184, -111.9359784 33.4161084, -111.9359116 33.4161059, -111.9352442 33.4161107, -111.9350403 33.4161126, -111.9349556 33.4161131)",auto,1,0,,
East Lemon Street,39,157628502,38,9,1,155.62,1,24,,residential,6,"LINESTRING (-111.9349556 33.4161131, -111.9350403 33.4161126, -111.9352442 33.4161107, -111.9359116 33.4161059, -111.9359784 33.4161084, -111.9360509 33.4161184, -111.9361764 33.4161524, -111.9362434 33.4161713, -111.9362854 33.4161798, -111.9363378 33.4161897, -111.9364014 33.4161951, -111.9364706 33.4161971, -111.9365070 33.4161976, -111.9366150 33.4162050)",auto,1,0,,
East Lemon Street,40,157628502,38,39,1,159.68,1,24,,residential,6,"LINESTRING (-111.9349556 33.4161131, -111.9348472 33.4161125, -111.9341510 33.4161148, -111.9338439 33.4161174, -111.9334735 33.4161208, -111.9334013 33.4161209, -111.9333800 33.4161208, -111.9333371 33.4161172, -111.9333036 33.4161090, -111.9332806 33.4160911, -111.9332660 33.4160668)",auto,1,0,,
East Lemon Street,41,157628502,39,38,1,159.68,1,24,,residential,6,"LINESTRING (-111.9332660 33.4160668, -111.9332806 33.4160911, -111.9333036 33.4161090, -111.9333371 33.4161172, -111.9333800 33.4161208, -111.9334013 33.4161209, -111.9334735 33.4161208, -111.9338439 33.4161174, -111.9341510 33.4161148, -111.9348472 33.4161125, -111.9349556 33.4161131)",auto,1,0,,
East Vista del Lago Drive,42,257009023,40,41,1,630.89,1,,,unclassified,15,"LINESTRING (-111.9211588 33.4293611, -111.9211588 33.4295021, -111.9211515 33.4297408, -111.9211468 33.4297978, -111.9211405 33.4298288, -111.9211310 33.4298604, -111.9211149 33.4299012, -111.9210909 33.4299476, -111.9210636 33.4299886, -111.9210425 33.4300133, -111.9210217 33.4300348, -111.9210043 33.4300514, -111.9209780 33.4300724, -111.9209597 33.4300862, -111.9209325 33.4301047, -111.9209091 33.4301195, -111.9208789 33.4301360, -111.9208497 33.4301500, -111.9208004 33.4301685, -111.9207659 33.4301789, -111.9207086 33.4301917, -111.9206506 33.4302004, -111.9205916 33.4302034, -111.9205336 33.4302010, -111.9203069 33.4301693, -111.9200780 33.4301473, -111.9198489 33.4301386, -111.9196278 33.4301419, -111.9193373 33.4301632, -111.9190521 33.4302027, -111.9187834 33.4302583, -111.9185467 33.4303249, -111.9182230 33.4304339, -111.9180504 33.4305139, -111.9179373 33.4305664, -111.9177152 33.4306903, -111.9175009 33.4308275, -111.9173182 33.4309518, -111.9171714 33.4310835, -111.9170266 33.4312188, -111.9168616 33.4313994, -111.9167490 33.4315426, -111.9167071 33.4315848, -111.9166856 33.4316019, -111.9166648 33.4316157, -111.9166326 33.4316322, -111.9166035 33.4316418, -111.9165625 33.4316523, -111.9165190 33.4316576, -111.9164740 33.4316579, -111.9164516 33.4316559, -111.9164348 33.4316531, -111.9164157 33.4316492, -111.9163959 33.4316436, -111.9163718 33.4316355, -111.9163378 33.4316186, -111.9162370 33.4315691, -111.9159939 33.4314356, -111.9158721 33.4313526)",auto,1,0,,
East Vista del Lago Drive,43,257009023,41,40,1,630.89,1,,,unclassified,15,"LINESTRING (-111.9158721 33.4313526, -111.9159939 33.4314356, -111.9162370 33.4315691, -111.9163378 33.4316186, -111.9163718 33.4316355, -111.9163959 33.4316436, -111.9164157 33.4316492, -111.9164348 33.4316531, -111.9164516 33.4316559, -111.9164740 33.4316579, -111.9165190 33.4316576, -111.9165625 33.4316523, -111.9166035 33.4316418, -111.9166326 33.4316322, -111.9166648 33.4316157, -111.9166856 33.4316019, -111.9167071 33.4315848, -111.9167490 33.4315426, -111.9168616 33.4313994, -111.9170266 33.4312188, -111.9171714 33.4310835, -111.9173182 33.4309518, -111.9175009 33.4308275, -111.9177152 33.4306903, -111.9179373 33.4305664, -111.9180504 33.4305139, -111.9182230 33.4304339, -111.9185467 33.4303249, -111.9187834 33.4302583, -111.9190521 33.4302027, -111.9193373 33.4301632, -111.9196278 33.4301419, -111.9198489 33.4301386, -111.9200780 33.4301473, -111.9203069 33.4301693, -111.9205336 33.4302010, -111.9205916 33.4302034, -111.9206506 33.4302004, -111.9207086 33.4301917, -111.9207659 33.4301789, -111.9208004 33.4301685, -111.9208497 33.4301500, -111.9208789 33.4301360, -111.9209091 33.4301195, -111.9209325 33.4301047, -111.9209597 33.4300862, -111.9209780 33.4300724, -111.9210043 33.4300514, -111.9210217 33.4300348, -111.9210425 33.4300133, -111.9210636 33.4299886, -111.9210909 33.4299476, -111.9211149 33.4299012, -111.9211310 33.4298604, -111.9211405 33.4298288, -111.9211468 33.4297978, -111.9211515 33.4297408, -111.9211588 33.4295021, -111.9211588 33.4293611)",auto,1,0,,
South Clubview Avenue,44,257009027,42,43,1,152.38,1,,,unclassified,15,"LINESTRING (-111.9173410 33.4293282, -111.9173183 33.4294583, -111.9173030 33.4294908, -111.9172188 33.4295348, -111.9171903 33.4295593, -111.9165191 33.4304935)",auto,1,0,,
South Clubview Avenue,45,257009027,43,42,1,152.38,1,,,unclassified,15,"LINESTRING (-111.9165191 33.4304935, -111.9171903 33.4295593, -111.9172188 33.4295348, -111.9173030 33.4294908, -111.9173183 33.4294583, -111.9173410 33.4293282)",auto,1,0,,
South Clubview Avenue,46,257009027,43,41,1,112.78,1,,,unclassified,15,"LINESTRING (-111.9165191 33.4304935, -111.9159282 33.4313014, -111.9158721 33.4313526)",auto,1,0,,
South Clubview Avenue,47,257009027,41,43,1,112.78,1,,,unclassified,15,"LINESTRING (-111.9158721 33.4313526, -111.9159282 33.4313014, -111.9165191 33.4304935)",auto,1,0,,
South Clubview Avenue,48,257009027,41,44,1,144.07,1,,,unclassified,15,"LINESTRING (-111.9158721 33.4313526, -111.9157780 33.4314061, -111.9147514 33.4321924, -111.9147370 33.4322288)",auto,1,0,,
South Clubview Avenue,49,257009027,44,41,1,144.07,1,,,unclassified,15,"LINESTRING (-111.9147370 33.4322288, -111.9147514 33.4321924, -111.9157780 33.4314061, -111.9158721 33.4313526)",auto,1,0,,
South Rural Road,50,264834598,145,46,1,333.54,3,56,,primary,3,"LINESTRING (-111.9263020 33.4245029, -111.9262230 33.4245011, -111.9262235 33.4245838, -111.9262174 33.4268401, -111.9262149 33.4275095)",auto,0,0,,
South Rural Road,51,264834600,47,48,1,14.54,4,56,,primary,3,"LINESTRING (-111.9263865 33.4240145, -111.9263882 33.4238834)",auto,0,0,,
South Rural Road,52,264834600,48,49,1,60.04,4,56,,primary,3,"LINESTRING (-111.9263882 33.4238834, -111.9263824 33.4233419)",auto,0,0,,
,53,264834603,48,50,1,65.4,1,,,primary,3,"LINESTRING (-111.9263882 33.4238834, -111.9263051 33.4237541, -111.9263051 33.4234101, -111.9262922 33.4233833, -111.9262730 33.4233624, -111.9262287 33.4233394)",auto,0,1,,
,54,264834603,50,51,1,31.61,1,,,primary,3,"LINESTRING (-111.9262287 33.4233394, -111.9261044 33.4233397, -111.9258887 33.4233401)",auto,0,1,,
East University Drive,55,329703992,52,53,1,300.61,2,56,,secondary,4,"LINESTRING (-111.9307620 33.4220419, -111.9332209 33.4220178, -111.9339953 33.4220122)",auto,0,0,,
South Rural Road,56,395215600,54,55,1,48.82,4,56,,primary,3,"LINESTRING (-111.9262990 33.4195429, -111.9263055 33.4199832)",auto,1,0,,
South Rural Road,57,395215600,55,54,1,48.82,3,56,,primary,3,"LINESTRING (-111.9263055 33.4199832, -111.9262990 33.4195429)",auto,1,0,,
East Apache Boulevard,58,422266087,56,57,1,131.31,2,56,,primary,3,"LINESTRING (-111.9328050 33.4147645, -111.9334870 33.4147609, -111.9342173 33.4147571)",auto,0,0,,
South College Avenue,59,422266090,38,58,1,67.29,1,24,,tertiary,5,"LINESTRING (-111.9349556 33.4161131, -111.9349554 33.4160606, -111.9349560 33.4159047, -111.9349579 33.4156778, -111.9349567 33.4155062)",auto,0,0,,
East Apache Boulevard,60,436790484,59,144,1,72.34,3,56,,primary,3,"LINESTRING (-111.9314430 33.4146608, -111.9307984 33.4146636, -111.9306650 33.4146657, -111.9306634 33.4147260)",auto,0,0,,
East Apache Boulevard,61,436790485,60,144,1,60.14,3,56,,primary,3,"LINESTRING (-111.9300149 33.4147941, -111.9305118 33.4147880, -111.9306617 33.4147862, -111.9306634 33.4147260)",auto,0,0,,
East Apache Boulevard,62,436790486,62,63,1,67.55,2,56,,primary,3,"LINESTRING (-111.9335205 33.4146455, -111.9329616 33.4146434, -111.9327940 33.4146458)",auto,0,0,,
East Apache Boulevard,63,436790487,144,64,1,144.68,2,56,,primary,3,"LINESTRING (-111.9306634 33.4147260, -111.9306617 33.4147862, -111.9307998 33.4147857, -111.9311430 33.4147838, -111.9322177 33.4147716)",auto,0,0,,
East Apache Boulevard,64,436790488,57,65,1,68.96,3,56,,primary,3,"LINESTRING (-111.9342173 33.4147571, -111.9348498 33.4147534, -111.9349590 33.4147529)",auto,0,0,,
East Apache Boulevard,65,436790489,64,56,1,54.61,3,56,,primary,3,"LINESTRING (-111.9322177 33.4147716, -111.9327145 33.4147655, -111.9328050 33.4147645)",auto,0,0,,
East Apache Boulevard,66,436790492,63,59,1,125.62,2,56,,primary,3,"LINESTRING (-111.9327940 33.4146458, -111.9327144 33.4146467, -111.9314430 33.4146608)",auto,0,0,,
East Apache Boulevard,67,436790494,66,67,1,164.87,2,56,,primary,3,"LINESTRING (-111.9291450 33.4146674, -111.9285601 33.4146783, -111.9273992 33.4146867, -111.9273720 33.4146858)",auto,0,0,,
East University Drive,68,436794670,68,69,1,19.03,4,56,,secondary,4,"LINESTRING (-111.9273870 33.4220144, -111.9271823 33.4220171)",auto,1,0,,
East University Drive,69,436794670,69,68,1,19.03,2,56,,secondary,4,"LINESTRING (-111.9271823 33.4220171, -111.9273870 33.4220144)",auto,1,0,,
East University Drive,70,436794672,70,71,1,61.13,3,56,,secondary,4,"LINESTRING (-111.9295985 33.4220148, -111.9290744 33.4220195, -111.9289410 33.4220194)",auto,1,0,,
East University Drive,71,436794672,71,70,1,61.13,2,56,,secondary,4,"LINESTRING (-111.9289410 33.4220194, -111.9290744 33.4220195, -111.9295985 33.4220148)",auto,1,0,,
East University Drive,72,436794675,71,72,1,33.3,2,56,,secondary,4,"LINESTRING (-111.9289410 33.4220194, -111.9287920 33.4220174, -111.9285829 33.4220147)",auto,1,0,,
East University Drive,73,436794675,72,71,1,33.3,3,56,,secondary,4,"LINESTRING (-111.9285829 33.4220147, -111.9287920 33.4220174, -111.9289410 33.4220194)",auto,1,0,,
East University Drive,74,436794678,69,73,1,20.14,4,56,,secondary,4,"LINESTRING (-111.9271823 33.4220171, -111.9269657 33.4220200)",auto,1,0,,
East University Drive,75,436794678,73,69,1,20.14,2,56,,secondary,4,"LINESTRING (-111.9269657 33.4220200, -111.9271823 33.4220171)",auto,1,0,,
East University Drive,76,436794681,74,75,1,72.95,2,56,,secondary,4,"LINESTRING (-111.9276681 33.4220143, -111.9277984 33.4220541, -111.9283263 33.4220454, -111.9283878 33.4220419, -111.9284316 33.4220121)",auto,0,0,,
East Rio Salado Parkway,77,436795889,76,77,1,742.52,2,64,,secondary,4,"LINESTRING (-111.9179260 33.4292135, -111.9176227 33.4292090, -111.9173500 33.4292104, -111.9166739 33.4292158, -111.9155091 33.4292051, -111.9151839 33.4292060, -111.9147350 33.4292258, -111.9142444 33.4292611, -111.9139649 33.4292761, -111.9136544 33.4292795, -111.9133673 33.4292745, -111.9130012 33.4292583, -111.9126820 33.4292364, -111.9126373 33.4292316, -111.9121478 33.4291744, -111.9114430 33.4290917, -111.9108015 33.4290669, -111.9101512 33.4290776, -111.9099576 33.4290973)",auto,0,0,,
East Rio Salado Parkway,78,436797606,78,42,1,438.05,2,,,secondary,4,"LINESTRING (-111.9126336 33.4293372, -111.9129939 33.4293644, -111.9133878 33.4293800, -111.9136705 33.4293825, -111.9139727 33.4293766, -111.9142579 33.4293657, -111.9147312 33.4293327, -111.9151930 33.4293106, -111.9155172 33.4293081, -111.9166826 33.4293204, -111.9173410 33.4293282)",auto,0,0,,
East Rio Salado Parkway,79,436797606,42,79,1,9.02,2,,,secondary,4,"LINESTRING (-111.9173410 33.4293282, -111.9174380 33.4293305)",auto,0,0,,
South Rural Road,80,436942363,80,81,1,219.88,3,56,,primary,3,"LINESTRING (-111.9262882 33.4105131, -111.9262896 33.4108454, -111.9262893 33.4109526, -111.9262897 33.4110862, -111.9262900 33.4111847, -111.9262934 33.4122998, -111.9262937 33.4124064, -111.9262942 33.4124964)",auto,1,0,,
South Rural Road,81,436942363,81,80,1,219.88,3,56,,primary,3,"LINESTRING (-111.9262942 33.4124964, -111.9262937 33.4124064, -111.9262934 33.4122998, -111.9262900 33.4111847, -111.9262897 33.4110862, -111.9262893 33.4109526, -111.9262896 33.4108454, -111.9262882 33.4105131)",auto,1,0,,
South Rural Road,82,436942364,82,83,1,17.5,3,56,,primary,3,"LINESTRING (-111.9262955 33.4184244, -111.9262944 33.4185822)",auto,1,0,,
South Rural Road,83,436942364,83,82,1,17.5,3,56,,primary,3,"LINESTRING (-111.9262944 33.4185822, -111.9262955 33.4184244)",auto,1,0,,
South Rural Road,84,436942370,84,85,1,90.37,3,56,,primary,3,"LINESTRING (-111.9262833 33.4283177, -111.9263666 33.4280550, -111.9263688 33.4275117)",auto,0,0,,
South Rural Road,85,436942372,83,86,1,61.57,4,56,,primary,3,"LINESTRING (-111.9262944 33.4185822, -111.9262989 33.4190261, -111.9262960 33.4191375)",auto,1,0,,
South Rural Road,86,436942372,86,83,1,61.57,3,56,,primary,3,"LINESTRING (-111.9262960 33.4191375, -111.9262989 33.4190261, -111.9262944 33.4185822)",auto,1,0,,
South Rural Road,87,436942373,87,88,1,3.64,3,56,,primary,3,"LINESTRING (-111.9262989 33.4202366, -111.9262980 33.4202694)",auto,1,0,,
South Rural Road,88,436942373,88,87,1,3.64,3,56,,primary,3,"LINESTRING (-111.9262980 33.4202694, -111.9262989 33.4202366)",auto,1,0,,
South Rural Road,89,436942375,84,89,1,51.75,6,56,,primary,3,"LINESTRING (-111.9262833 33.4283177, -111.9262822 33.4286892, -111.9262820 33.4287845)",auto,1,0,,
South Rural Road,90,436942375,89,84,1,51.75,3,56,,primary,3,"LINESTRING (-111.9262820 33.4287845, -111.9262822 33.4286892, -111.9262833 33.4283177)",auto,1,0,,
South Rural Road,91,436942376,86,54,1,44.95,3,56,,primary,3,"LINESTRING (-111.9262960 33.4191375, -111.9262981 33.4192639, -111.9262990 33.4195429)",auto,1,0,,
South Rural Road,92,436942376,54,86,1,44.95,3,56,,primary,3,"LINESTRING (-111.9262990 33.4195429, -111.9262981 33.4192639, -111.9262960 33.4191375)",auto,1,0,,
South Rural Road,93,436942377,90,91,1,59.78,4,56,,primary,3,"LINESTRING (-111.9263916 33.4208903, -111.9263890 33.4207332, -111.9263871 33.4206018, -111.9263019 33.4203615)",auto,0,0,,
South Rural Road,94,436942379,92,145,1,33.36,4,56,,primary,3,"LINESTRING (-111.9262248 33.4242002, -111.9262240 33.4244218, -111.9262230 33.4245011, -111.9263020 33.4245029)",auto,0,0,,
South Rural Road,95,436942383,93,145,1,55.59,4,56,,primary,3,"LINESTRING (-111.9263790 33.4250061, -111.9263807 33.4245940, -111.9263810 33.4245047, -111.9263020 33.4245029)",auto,0,0,,
South Rural Road,96,436942384,95,82,1,97.92,3,56,,primary,3,"LINESTRING (-111.9263000 33.4175412, -111.9262990 33.4176300, -111.9262990 33.4177870, -111.9262995 33.4180207, -111.9262973 33.4181954, -111.9262955 33.4184244)",auto,1,0,,
South Rural Road,97,436942384,82,95,1,97.92,3,56,,primary,3,"LINESTRING (-111.9262955 33.4184244, -111.9262973 33.4181954, -111.9262995 33.4180207, -111.9262990 33.4177870, -111.9262990 33.4176300, -111.9263000 33.4175412)",auto,1,0,,
South Rural Road,98,436942386,91,96,1,89.33,3,56,,primary,3,"LINESTRING (-111.9263019 33.4203615, -111.9262331 33.4205950, -111.9262379 33.4209763, -111.9262382 33.4210663, -111.9262455 33.4211600)",auto,0,0,,
South McAllister Avenue,99,472156131,71,97,1,47.93,1,40,,tertiary,5,"LINESTRING (-111.9289410 33.4220194, -111.9289327 33.4218987, -111.9289364 33.4215873)",auto,1,0,,
South McAllister Avenue,100,472156131,97,71,1,47.93,3,40,,tertiary,5,"LINESTRING (-111.9289364 33.4215873, -111.9289327 33.4218987, -111.9289410 33.4220194)",auto,1,0,,
South Rural Road,101,472156132,88,91,1,10.22,3,56,,primary,3,"LINESTRING (-111.9262980 33.4202694, -111.9263019 33.4203615)",auto,1,0,,
South Rural Road,102,472156132,91,88,1,10.22,3,56,,primary,3,"LINESTRING (-111.9263019 33.4203615, -111.9262980 33.4202694)",auto,1,0,,
East Apache Boulevard,103,512811687,144,98,1,136.85,2,56,,primary,3,"LINESTRING (-111.9306634 33.4147260, -111.9306650 33.4146657, -111.9304957 33.4146672, -111.9303710 33.4146669, -111.9298286 33.4146655, -111.9291931 33.4146673)",auto,0,0,,
East Apache Boulevard,104,512811687,98,66,1,4.47,2,56,,primary,3,"LINESTRING (-111.9291931 33.4146673, -111.9291450 33.4146674)",auto,0,0,,
East Apache Boulevard,105,512811693,99,60,1,80.7,2,56,,primary,3,"LINESTRING (-111.9291470 33.4148012, -111.9300149 33.4147941)",auto,0,0,,
South Rural Road,106,528165155,85,93,1,277.79,3,56,,primary,3,"LINESTRING (-111.9263688 33.4275117, -111.9263790 33.4250061)",auto,0,0,,
South Rural Road,107,528165156,46,84,1,90.31,3,56,,primary,3,"LINESTRING (-111.9262149 33.4275095, -111.9262129 33.4280488, -111.9262833 33.4283177)",auto,0,0,,
South Rural Road,108,533371300,50,92,1,95.44,3,56,,primary,3,"LINESTRING (-111.9262287 33.4233394, -111.9262251 33.4237605, -111.9262248 33.4242002)",auto,0,0,,
East Apache Boulevard,109,533371303,100,101,1,149.17,2,56,,primary,3,"LINESTRING (-111.9273946 33.4148143, -111.9285674 33.4148071, -111.9289989 33.4148027)",auto,0,0,,
East Apache Boulevard,110,533371303,101,99,1,13.77,2,56,,primary,3,"LINESTRING (-111.9289989 33.4148027, -111.9291470 33.4148012)",auto,0,0,,
East University Drive,111,533573787,70,102,1,103.36,2,56,,secondary,4,"LINESTRING (-111.9295985 33.4220148, -111.9297409 33.4220518, -111.9307035 33.4220425)",auto,0,0,,
East University Drive,112,533573787,102,52,1,5.44,2,56,,secondary,4,"LINESTRING (-111.9307035 33.4220425, -111.9307620 33.4220419)",auto,0,0,,
South College Avenue,113,533573788,103,65,1,35.42,2,24,,tertiary,5,"LINESTRING (-111.9349577 33.4150723, -111.9349563 33.4148208, -111.9349590 33.4147529)",auto,0,0,,
East Apache Boulevard,114,533573789,104,105,1,114.64,2,56,,primary,3,"LINESTRING (-111.9349550 33.4146147, -111.9348375 33.4146181, -111.9346669 33.4146211, -111.9342960 33.4146294, -111.9338144 33.4146435, -111.9337225 33.4146441)",auto,0,0,,
East Apache Boulevard,115,533573789,105,62,1,18.78,2,56,,primary,3,"LINESTRING (-111.9337225 33.4146441, -111.9335205 33.4146455)",auto,0,0,,
South College Avenue,116,536925046,58,103,1,48.11,2,24,,tertiary,5,"LINESTRING (-111.9349567 33.4155062, -111.9349577 33.4150723)",auto,0,0,,
South Terrace Road,117,537091885,106,88,1,108.2,2,40,,tertiary,5,"LINESTRING (-111.9254783 33.4195802, -111.9260777 33.4201190, -111.9261112 33.4201470, -111.9261426 33.4201705, -111.9261775 33.4201966, -111.9262128 33.4202223, -111.9262529 33.4202470, -111.9262980 33.4202694)",auto,0,0,,
South McAllister Avenue,120,537091887,144,107,1,54.05,2,40,,tertiary,5,"LINESTRING (-111.9306634 33.4147260, -111.9306617 33.4147862, -111.9306135 33.4148737, -111.9306049 33.4150435, -111.9305912 33.4151961, -111.9305745 33.4152628)",auto,0,0,,
South McAllister Avenue,121,537091888,107,108,1,73.46,1,40,,tertiary,5,"LINESTRING (-111.9305745 33.4152628, -111.9305319 33.4153831, -111.9304791 33.4154969, -111.9304001 33.4156225, -111.9303114 33.4157244, -111.9301943 33.4158335)",auto,0,0,,
South McAllister Avenue,122,537091888,108,6,1,115.75,1,40,,tertiary,5,"LINESTRING (-111.9301943 33.4158335, -111.9301574 33.4158684, -111.9301100 33.4159179, -111.9294542 33.4165531, -111.9294120 33.4166399)",auto,0,0,,
South McAllister Avenue,123,537091889,20,5,1,42.47,1,40,,tertiary,5,"LINESTRING (-111.9288536 33.4184375, -111.9288542 33.4183454, -111.9288523 33.4180544)",auto,1,0,,
South McAllister Avenue,124,537091889,5,20,1,42.47,2,40,,tertiary,5,"LINESTRING (-111.9288523 33.4180544, -111.9288542 33.4183454, -111.9288536 33.4184375)",auto,1,0,,
South McAllister Avenue,125,537091890,109,20,1,127.46,1,40,,tertiary,5,"LINESTRING (-111.9288801 33.4195869, -111.9288784 33.4195156, -111.9288758 33.4193999, -111.9288716 33.4192147, -111.9288680 33.4190487, -111.9288557 33.4185321, -111.9288536 33.4184375)",auto,1,0,,
South McAllister Avenue,126,537091890,20,109,1,127.46,1,40,,tertiary,5,"LINESTRING (-111.9288536 33.4184375, -111.9288557 33.4185321, -111.9288680 33.4190487, -111.9288716 33.4192147, -111.9288758 33.4193999, -111.9288784 33.4195156, -111.9288801 33.4195869)",auto,1,0,,
South McAllister Avenue,127,537091891,110,109,1,51.34,1,40,,tertiary,5,"LINESTRING (-111.9289097 33.4200493, -111.9289036 33.4199746, -111.9288840 33.4196701, -111.9288801 33.4195869)",auto,1,0,,
South McAllister Avenue,128,537091891,109,110,1,51.34,1,40,,tertiary,5,"LINESTRING (-111.9288801 33.4195869, -111.9288840 33.4196701, -111.9289036 33.4199746, -111.9289097 33.4200493)",auto,1,0,,
South McAllister Avenue,129,537091892,15,110,1,23.39,1,40,,tertiary,5,"LINESTRING (-111.9289334 33.4202593, -111.9289212 33.4201677, -111.9289097 33.4200493)",auto,1,0,,
South McAllister Avenue,130,537091892,110,15,1,23.39,2,40,,tertiary,5,"LINESTRING (-111.9289097 33.4200493, -111.9289212 33.4201677, -111.9289334 33.4202593)",auto,1,0,,
South McAllister Avenue,131,537091893,111,15,1,67.88,2,40,,tertiary,5,"LINESTRING (-111.9289637 33.4208706, -111.9289641 33.4206888, -111.9289632 33.4206327, -111.9289537 33.4204819, -111.9289440 33.4203395, -111.9289334 33.4202593)",auto,1,0,,
South McAllister Avenue,132,537091893,15,111,1,67.88,1,40,,tertiary,5,"LINESTRING (-111.9289334 33.4202593, -111.9289440 33.4203395, -111.9289537 33.4204819, -111.9289632 33.4206327, -111.9289641 33.4206888, -111.9289637 33.4208706)",auto,1,0,,
South McAllister Avenue,133,537091895,97,112,1,42.8,1,40,,tertiary,5,"LINESTRING (-111.9289364 33.4215873, -111.9289384 33.4213934, -111.9289515 33.4212016)",auto,1,0,,
South McAllister Avenue,134,537091895,112,97,1,42.8,1,40,,tertiary,5,"LINESTRING (-111.9289515 33.4212016, -111.9289384 33.4213934, -111.9289364 33.4215873)",auto,1,0,,
East Veterans Way,135,537091896,26,113,1,21.26,2,48,,tertiary,5,"LINESTRING (-111.9294899 33.4227512, -111.9293023 33.4226415)",auto,1,0,,
East Veterans Way,136,537091896,113,26,1,21.26,1,48,,tertiary,5,"LINESTRING (-111.9293023 33.4226415, -111.9294899 33.4227512)",auto,1,0,,
East Veterans Way,137,537091897,113,114,1,24.84,1,48,,tertiary,5,"LINESTRING (-111.9293023 33.4226415, -111.9292548 33.4226116, -111.9292125 33.4225822, -111.9291733 33.4225486, -111.9291389 33.4225150, -111.9291124 33.4224856)",auto,1,0,,
East Veterans Way,138,537091897,114,113,1,24.84,1,48,,tertiary,5,"LINESTRING (-111.9291124 33.4224856, -111.9291389 33.4225150, -111.9291733 33.4225486, -111.9292125 33.4225822, -111.9292548 33.4226116, -111.9293023 33.4226415)",auto,1,0,,
East Veterans Way,139,537091898,114,115,1,9.41,2,48,,tertiary,5,"LINESTRING (-111.9291124 33.4224856, -111.9290849 33.4224503, -111.9290592 33.4224134)",auto,1,0,,
East Veterans Way,140,537091898,115,114,1,9.41,1,48,,tertiary,5,"LINESTRING (-111.9290592 33.4224134, -111.9290849 33.4224503, -111.9291124 33.4224856)",auto,1,0,,
East Veterans Way,141,537091900,115,71,1,45.41,3,48,,tertiary,5,"LINESTRING (-111.9290592 33.4224134, -111.9290334 33.4223709, -111.9290113 33.4223260, -111.9289917 33.4222761, -111.9289764 33.4222264, -111.9289660 33.4221896, -111.9289593 33.4221573, -111.9289502 33.4221074, -111.9289410 33.4220194)",auto,1,0,,
East Veterans Way,142,537091900,71,115,1,45.41,1,48,,tertiary,5,"LINESTRING (-111.9289410 33.4220194, -111.9289502 33.4221074, -111.9289593 33.4221573, -111.9289660 33.4221896, -111.9289764 33.4222264, -111.9289917 33.4222761, -111.9290113 33.4223260, -111.9290334 33.4223709, -111.9290592 33.4224134)",auto,1,0,,
East Veterans Way,143,537091902,29,116,1,82.97,2,48,,tertiary,5,"LINESTRING (-111.9312621 33.4233557, -111.9312024 33.4233268, -111.9311254 33.4232910, -111.9310393 33.4232543, -111.9309529 33.4232221, -111.9308638 33.4231932, -111.9307780 33.4231690, -111.9306991 33.4231508, -111.9306258 33.4231385, -111.9305439 33.4231279, -111.9304865 33.4231213, -111.9304264 33.4231132)",auto,0,0,,
East 6th Street,144,544548410,2,117,1,148.2,1,,,residential,6,"LINESTRING (-111.9290798 33.4242989, -111.9289046 33.4243452, -111.9287135 33.4243933, -111.9286430 33.4244053, -111.9283655 33.4244526, -111.9282474 33.4244664, -111.9281214 33.4244812, -111.9278961 33.4244980, -111.9275131 33.4245054)",auto,1,0,,
East 6th Street,145,544548410,117,2,1,148.2,1,,,residential,6,"LINESTRING (-111.9275131 33.4245054, -111.9278961 33.4244980, -111.9281214 33.4244812, -111.9282474 33.4244664, -111.9283655 33.4244526, -111.9286430 33.4244053, -111.9287135 33.4243933, -111.9289046 33.4243452, -111.9290798 33.4242989)",auto,1,0,,
East 6th Street,146,544548410,117,145,1,105.25,1,,,residential,6,"LINESTRING (-111.9275131 33.4245054, -111.9264826 33.4245064, -111.9263810 33.4245047, -111.9263020 33.4245029)",auto,1,0,,
East 6th Street,147,544548410,145,117,1,105.25,1,,,residential,6,"LINESTRING (-111.9263020 33.4245029, -111.9263810 33.4245047, -111.9264826 33.4245064, -111.9275131 33.4245054)",auto,1,0,,
South McAllister Avenue,148,613698108,6,118,1,101.08,1,40,,tertiary,5,"LINESTRING (-111.9294120 33.4166399, -111.9295169 33.4165881, -111.9296074 33.4165060, -111.9301514 33.4159779)",auto,0,0,,
South McAllister Avenue,149,613698108,118,119,1,92.6,1,40,,tertiary,5,"LINESTRING (-111.9301514 33.4159779, -111.9302260 33.4159055, -111.9303493 33.4157851, -111.9304248 33.4157061, -111.9304881 33.4156245, -111.9305592 33.4155164, -111.9306186 33.4154082, -111.9306452 33.4153477, -111.9306642 33.4152742)",auto,0,0,,
South Terrace Road,150,656385563,120,121,1,292.21,1,40,,tertiary,5,"LINESTRING (-111.9231947 33.4175274, -111.9235309 33.4178266, -111.9238050 33.4180710, -111.9238901 33.4181448, -111.9244238 33.4186182, -111.9245027 33.4186905, -111.9245938 33.4187710, -111.9249179 33.4190607, -111.9250353 33.4191657, -111.9250996 33.4192230, -111.9252945 33.4194005, -111.9253448 33.4194497)",auto,0,0,,
South Terrace Road,151,656385563,121,106,1,19.06,1,40,,tertiary,5,"LINESTRING (-111.9253448 33.4194497, -111.9254093 33.4195129, -111.9254783 33.4195802)",auto,0,0,,
South McKinney Way,152,670986092,122,43,1,14.94,1,,,unclassified,15,"LINESTRING (-111.9166557 33.4305645, -111.9166263 33.4305492, -111.9165191 33.4304935)",auto,1,0,,
South McKinney Way,153,670986092,43,122,1,14.94,1,,,unclassified,15,"LINESTRING (-111.9165191 33.4304935, -111.9166263 33.4305492, -111.9166557 33.4305645)",auto,1,0,,
South Forest Avenue,154,723559146,36,8,1,16.64,1,24,,residential,6,"LINESTRING (-111.9366801 33.4176179, -111.9366517 33.4175826, -111.9366357 33.4175415, -111.9366324 33.4174773)",auto,1,0,,
South Forest Avenue,155,723559146,8,36,1,16.64,1,24,,residential,6,"LINESTRING (-111.9366324 33.4174773, -111.9366357 33.4175415, -111.9366517 33.4175826, -111.9366801 33.4176179)",auto,1,0,,
South McAllister Avenue,156,777220833,112,111,1,36.72,1,40,,tertiary,5,"LINESTRING (-111.9289515 33.4212016, -111.9289598 33.4210596, -111.9289637 33.4208706)",auto,1,0,,
South McAllister Avenue,157,777220833,111,112,1,36.72,1,40,,tertiary,5,"LINESTRING (-111.9289637 33.4208706, -111.9289598 33.4210596, -111.9289515 33.4212016)",auto,1,0,,
South Normal Avenue,158,853293824,63,123,1,119.23,1,,,residential,6,"LINESTRING (-111.9327940 33.4146458, -111.9327934 33.4145749, -111.9327836 33.4141792, -111.9327814 33.4140702, -111.9327775 33.4135705)",auto,1,0,,
South Normal Avenue,159,853293824,123,63,1,119.23,1,,,residential,6,"LINESTRING (-111.9327775 33.4135705, -111.9327814 33.4140702, -111.9327836 33.4141792, -111.9327934 33.4145749, -111.9327940 33.4146458)",auto,1,0,,
South Clubview Avenue,160,871746178,124,44,1,14.58,1,,,unclassified,15,"LINESTRING (-111.9148228 33.4323224, -111.9148229 33.4322974, -111.9148139 33.4322736, -111.9147966 33.4322532, -111.9147694 33.4322366, -111.9147370 33.4322288)",auto,1,0,,
South Clubview Avenue,161,871746178,44,124,1,14.58,1,,,unclassified,15,"LINESTRING (-111.9147370 33.4322288, -111.9147694 33.4322366, -111.9147966 33.4322532, -111.9148139 33.4322736, -111.9148229 33.4322974, -111.9148228 33.4323224)",auto,1,0,,
South Clubview Avenue,162,871746178,44,124,1,42.01,1,,,unclassified,15,"LINESTRING (-111.9147370 33.4322288, -111.9147034 33.4322306, -111.9146725 33.4322419, -111.9146481 33.4322613, -111.9146330 33.4322864, -111.9146291 33.4323143, -111.9146367 33.4323417, -111.9146551 33.4323653, -111.9146820 33.4323822, -111.9147143 33.4323905, -111.9147442 33.4323898, -111.9147724 33.4323815, -111.9147963 33.4323665, -111.9148137 33.4323462, -111.9148228 33.4323224)",auto,1,0,,
South Clubview Avenue,163,871746178,124,44,1,42.01,1,,,unclassified,15,"LINESTRING (-111.9148228 33.4323224, -111.9148137 33.4323462, -111.9147963 33.4323665, -111.9147724 33.4323815, -111.9147442 33.4323898, -111.9147143 33.4323905, -111.9146820 33.4323822, -111.9146551 33.4323653, -111.9146367 33.4323417, -111.9146291 33.4323143, -111.9146330 33.4322864, -111.9146481 33.4322613, -111.9146725 33.4322419, -111.9147034 33.4322306, -111.9147370 33.4322288)",auto,1,0,,
East Packard Drive,164,872138141,2,125,1,213.2,1,,,unclassified,15,"LINESTRING (-111.9290798 33.4242989, -111.9290427 33.4242221, -111.9287706 33.4236406, -111.9287539 33.4236069, -111.9286792 33.4234783, -111.9285811 33.4233769, -111.9284457 33.4233341, -111.9275107 33.4233377)",auto,1,0,,
East Packard Drive,165,872138141,125,2,1,213.2,1,,,unclassified,15,"LINESTRING (-111.9275107 33.4233377, -111.9284457 33.4233341, -111.9285811 33.4233769, -111.9286792 33.4234783, -111.9287539 33.4236069, -111.9287706 33.4236406, -111.9290427 33.4242221, -111.9290798 33.4242989)",auto,1,0,,
East Packard Drive,166,872138141,125,49,1,104.9,1,,,unclassified,15,"LINESTRING (-111.9275107 33.4233377, -111.9265080 33.4233406, -111.9263824 33.4233419)",auto,1,0,,
East Packard Drive,167,872138141,49,125,1,104.9,1,,,unclassified,15,"LINESTRING (-111.9263824 33.4233419, -111.9265080 33.4233406, -111.9275107 33.4233377)",auto,1,0,,
South Novus Place,168,872138142,117,126,1,121.0,1,,,unclassified,15,"LINESTRING (-111.9275131 33.4245054, -111.9275138 33.4244324, -111.9275109 33.4234140)",auto,1,0,,
South Novus Place,169,872138142,126,117,1,121.0,1,,,unclassified,15,"LINESTRING (-111.9275109 33.4234140, -111.9275138 33.4244324, -111.9275131 33.4245054)",auto,1,0,,
,170,889439248,127,53,1,9.85,2,,,secondary,4,"LINESTRING (-111.9339885 33.4219235, -111.9339953 33.4220122)",auto,1,1,,
,171,889439248,53,127,1,9.85,2,,,secondary,4,"LINESTRING (-111.9339953 33.4220122, -111.9339885 33.4219235)",auto,1,1,,
East University Drive,172,889439249,128,70,1,109.5,2,56,,secondary,4,"LINESTRING (-111.9307620 33.4219520, -111.9302053 33.4219599, -111.9297246 33.4219631, -111.9295985 33.4220148)",auto,0,0,,
East University Drive,173,889439250,129,127,1,91.16,2,56,,secondary,4,"LINESTRING (-111.9349690 33.4219161, -111.9348817 33.4219166, -111.9341763 33.4219220, -111.9339885 33.4219235)",auto,0,0,,
South Forest Avenue,174,909501716,130,131,1,68.35,1,24,,residential,6,"LINESTRING (-111.9366610 33.4219091, -111.9366607 33.4218493, -111.9366510 33.4212927)",auto,1,0,,
South Forest Avenue,175,909501716,131,130,1,68.35,1,24,,residential,6,"LINESTRING (-111.9366510 33.4212927, -111.9366607 33.4218493, -111.9366610 33.4219091)",auto,1,0,,
South Rural Road,178,966303717,55,87,1,28.1,4,56,,primary,3,"LINESTRING (-111.9263055 33.4199832, -111.9262989 33.4201830, -111.9262989 33.4202366)",auto,1,0,,
South Rural Road,179,966303717,87,55,1,28.1,3,56,,primary,3,"LINESTRING (-111.9262989 33.4202366, -111.9262989 33.4201830, -111.9263055 33.4199832)",auto,1,0,,
,180,989284359,105,56,1,88.7,1,,,primary,3,"LINESTRING (-111.9337225 33.4146441, -111.9336672 33.4146694, -111.9335229 33.4147046, -111.9329187 33.4147111, -111.9328584 33.4147234, -111.9328194 33.4147440, -111.9328050 33.4147645)",auto,0,1,,
,181,989284360,64,63,1,57.39,3,,,primary,3,"LINESTRING (-111.9322177 33.4147716, -111.9322444 33.4147502, -111.9323541 33.4147182, -111.9326208 33.4147143, -111.9326565 33.4147110, -111.9327139 33.4146978, -111.9327536 33.4146785, -111.9327940 33.4146458)",auto,0,1,,
East University Drive,182,1002525088,53,132,1,90.53,2,56,,secondary,4,"LINESTRING (-111.9339953 33.4220122, -111.9348546 33.4220008, -111.9349690 33.4220021)",auto,0,0,,
East University Drive,183,1002525089,127,133,1,293.99,2,56,,secondary,4,"LINESTRING (-111.9339885 33.4219235, -111.9338470 33.4219238, -111.9332334 33.4219285, -111.9308264 33.4219514)",auto,0,0,,
East University Drive,184,1002525089,133,128,1,5.99,2,56,,secondary,4,"LINESTRING (-111.9308264 33.4219514, -111.9307620 33.4219520)",auto,0,0,,
Gammage Parkway,185,1014049682,134,8,1,298.6,1,24,,residential,6,"LINESTRING (-111.9398439 33.4174549, -111.9397819 33.4174542, -111.9396173 33.4174516, -111.9382655 33.4174641, -111.9382150 33.4174644, -111.9381365 33.4174648, -111.9368123 33.4174751, -111.9367878 33.4174758, -111.9366324 33.4174773)",auto,0,0,,
South McAllister Avenue,186,1039338100,119,144,1,54.6,2,40,,tertiary,5,"LINESTRING (-111.9306642 33.4152742, -111.9306766 33.4151850, -111.9306837 33.4150881, -111.9306920 33.4148754, -111.9306617 33.4147862, -111.9306634 33.4147260)",auto,0,0,,
South Rural Road,187,1048412597,145,47,1,54.35,3,56,,primary,3,"LINESTRING (-111.9263020 33.4245029, -111.9263810 33.4245047, -111.9263820 33.4244228, -111.9263865 33.4240145)",auto,0,0,,
East Lemon Street,188,1070423860,135,136,1,82.34,1,,,residential,6,"LINESTRING (-111.9271661 33.4167019, -111.9269012 33.4167816, -111.9267747 33.4168068, -111.9266603 33.4168247, -111.9265493 33.4168331, -111.9264634 33.4168355, -111.9263030 33.4168382)",auto,1,0,,
East Lemon Street,189,1070423860,136,135,1,82.34,1,,,residential,6,"LINESTRING (-111.9263030 33.4168382, -111.9264634 33.4168355, -111.9265493 33.4168331, -111.9266603 33.4168247, -111.9267747 33.4168068, -111.9269012 33.4167816, -111.9271661 33.4167019)",auto,1,0,,
Gammage Parkway,190,1077600800,37,137,1,18.69,2,24,,residential,6,"LINESTRING (-111.9396414 33.4176196, -111.9397470 33.4176199, -111.9397854 33.4176201, -111.9398424 33.4176211)",auto,0,0,,
East University Drive,191,1078715155,72,75,1,14.07,3,56,,secondary,4,"LINESTRING (-111.9285829 33.4220147, -111.9284316 33.4220121)",auto,1,0,,
East University Drive,192,1078715155,75,72,1,14.07,3,56,,secondary,4,"LINESTRING (-111.9284316 33.4220121, -111.9285829 33.4220147)",auto,1,0,,
East University Drive,193,1078715157,74,138,1,13.39,3,56,,secondary,4,"LINESTRING (-111.9276681 33.4220143, -111.9275241 33.4220137)",auto,1,0,,
East University Drive,194,1078715157,138,74,1,13.39,3,56,,secondary,4,"LINESTRING (-111.9275241 33.4220137, -111.9276681 33.4220143)",auto,1,0,,
East University Drive,195,1078715157,138,68,1,12.75,3,56,,secondary,4,"LINESTRING (-111.9275241 33.4220137, -111.9273870 33.4220144)",auto,1,0,,
East University Drive,196,1078715157,68,138,1,12.75,3,56,,secondary,4,"LINESTRING (-111.9273870 33.4220144, -111.9275241 33.4220137)",auto,1,0,,
East University Drive,197,1078715158,75,74,1,73.17,2,56,,secondary,4,"LINESTRING (-111.9284316 33.4220121, -111.9283093 33.4219703, -111.9282432 33.4219692, -111.9277786 33.4219666, -111.9276681 33.4220143)",auto,0,0,,
South Novus Place,198,1088031717,126,125,1,8.46,1,,,unclassified,15,"LINESTRING (-111.9275109 33.4234140, -111.9275107 33.4233377)",auto,1,0,,
South Novus Place,199,1088031717,125,126,1,8.46,1,,,unclassified,15,"LINESTRING (-111.9275107 33.4233377, -111.9275109 33.4234140)",auto,1,0,,
South Novus Place,200,1088031717,125,139,1,10.31,1,,,unclassified,15,"LINESTRING (-111.9275107 33.4233377, -111.9275129 33.4232447)",auto,1,0,,
South Novus Place,201,1088031717,139,125,1,10.31,1,,,unclassified,15,"LINESTRING (-111.9275129 33.4232447, -111.9275107 33.4233377)",auto,1,0,,
South Novus Place,202,1088031718,139,138,1,136.48,1,,,unclassified,15,"LINESTRING (-111.9275129 33.4232447, -111.9275204 33.4224709, -111.9275243 33.4221137, -111.9275241 33.4220137)",auto,1,0,,
South Novus Place,203,1088031718,138,139,1,136.48,1,,,unclassified,15,"LINESTRING (-111.9275241 33.4220137, -111.9275243 33.4221137, -111.9275204 33.4224709, -111.9275129 33.4232447)",auto,1,0,,
East University Drive,204,1088637808,73,140,1,32.73,4,56,,secondary,4,"LINESTRING (-111.9269657 33.4220200, -111.9266137 33.4220247)",auto,1,0,,
East University Drive,205,1088637808,140,73,1,32.73,2,56,,secondary,4,"LINESTRING (-111.9266137 33.4220247, -111.9269657 33.4220200)",auto,1,0,,
East University Drive,206,1088637809,140,141,1,19.22,4,56,,secondary,4,"LINESTRING (-111.9266137 33.4220247, -111.9265195 33.4220268, -111.9264070 33.4220275)",auto,1,0,,
East University Drive,207,1088637809,141,140,1,19.22,2,56,,secondary,4,"LINESTRING (-111.9264070 33.4220275, -111.9265195 33.4220268, -111.9266137 33.4220247)",auto,1,0,,
West 9th Street,208,1123081077,14,142,1,65.83,1,24,,residential,6,"LINESTRING (-111.9381320 33.4205154, -111.9382189 33.4205145, -111.9383745 33.4205132, -111.9384389 33.4205124, -111.9385794 33.4205109, -111.9388400 33.4205068)",auto,1,0,,
West 9th Street,209,1123081077,142,14,1,65.83,1,24,,residential,6,"LINESTRING (-111.9388400 33.4205068, -111.9385794 33.4205109, -111.9384389 33.4205124, -111.9383745 33.4205132, -111.9382189 33.4205145, -111.9381320 33.4205154)",auto,1,0,,
East Lemon Street,210,1123252014,6,135,1,210.09,1,,,residential,6,"LINESTRING (-111.9294120 33.4166399, -111.9292821 33.4166416, -111.9289961 33.4166414, -111.9287595 33.4166413, -111.9284508 33.4166395, -111.9279495 33.4166251, -111.9275795 33.4166248, -111.9274785 33.4166304, -111.9273827 33.4166406, -111.9272923 33.4166614, -111.9271948 33.4166901, -111.9271661 33.4167019)",auto,1,0,,
East Lemon Street,211,1123252014,135,6,1,210.09,1,,,residential,6,"LINESTRING (-111.9271661 33.4167019, -111.9271948 33.4166901, -111.9272923 33.4166614, -111.9273827 33.4166406, -111.9274785 33.4166304, -111.9275795 33.4166248, -111.9279495 33.4166251, -111.9284508 33.4166395, -111.9287595 33.4166413, -111.9289961 33.4166414, -111.9292821 33.4166416, -111.9294120 33.4166399)",auto,1,0,,
South Normal Avenue,212,1125465309,39,56,1,173.83,1,24,,residential,6,"LINESTRING (-111.9332660 33.4160668, -111.9332661 33.4160150, -111.9332721 33.4159220, -111.9332636 33.4151942, -111.9332559 33.4151418, -111.9332413 33.4150997, -111.9332026 33.4150520, -111.9331283 33.4150215, -111.9330784 33.4150093, -111.9329104 33.4150107, -111.9328729 33.4150034, -111.9328365 33.4149747, -111.9328196 33.4149251, -111.9328110 33.4148640, -111.9328050 33.4147645)",auto,1,0,,
South Normal Avenue,213,1125465309,56,39,1,173.83,1,24,,residential,6,"LINESTRING (-111.9328050 33.4147645, -111.9328110 33.4148640, -111.9328196 33.4149251, -111.9328365 33.4149747, -111.9328729 33.4150034, -111.9329104 33.4150107, -111.9330784 33.4150093, -111.9331283 33.4150215, -111.9332026 33.4150520, -111.9332413 33.4150997, -111.9332559 33.4151418, -111.9332636 33.4151942, -111.9332721 33.4159220, -111.9332661 33.4160150, -111.9332660 33.4160668)",auto,1,0,,
East Veterans Way,214,1143809358,116,25,1,24.83,1,48,,tertiary,5,"LINESTRING (-111.9304264 33.4231132, -111.9303207 33.4230963, -111.9301640 33.4230713)",auto,0,0,,
East 6th Street,215,1143809359,116,30,1,8.36,1,,,residential,6,"LINESTRING (-111.9304264 33.4231132, -111.9304115 33.4231876)",auto,1,0,,
East 6th Street,216,1143809359,30,116,1,8.36,1,,,residential,6,"LINESTRING (-111.9304115 33.4231876, -111.9304264 33.4231132)",auto,1,0,,
East Veterans Way,217,1143809360,25,30,1,26.38,1,48,,tertiary,5,"LINESTRING (-111.9301640 33.4230713, -111.9303044 33.4231372, -111.9304115 33.4231876)",auto,0,0,,
East 6th Street,218,1143809361,30,1,1,55.28,1,,,residential,6,"LINESTRING (-111.9304115 33.4231876, -111.9304034 33.4232275, -111.9303912 33.4232883, -111.9303126 33.4236793)",auto,1,0,,
East 6th Street,219,1143809361,1,30,1,55.28,2,,,residential,6,"LINESTRING (-111.9303126 33.4236793, -111.9303912 33.4232883, -111.9304034 33.4232275, -111.9304115 33.4231876)",auto,1,0,,
South Terrace Road,220,1143816166,55,143,1,52.91,1,40,,tertiary,5,"LINESTRING (-111.9263055 33.4199832, -111.9262647 33.4199778, -111.9262223 33.4199693, -111.9261791 33.4199575, -111.9261357 33.4199392, -111.9260964 33.4199161, -111.9260633 33.4198903, -111.9260255 33.4198564, -111.9259766 33.4198088, -111.9258666 33.4197037)",auto,0,0,,
South Terrace Road,221,1143816167,143,23,1,53.55,2,40,,tertiary,5,"LINESTRING (-111.9258666 33.4197037, -111.9257447 33.4195971, -111.9254711 33.4193526)",auto,0,0,,
