link_id,name,osm_way_id,from_node_id,to_node_id,directed,geometry,dir_flag,length,facility_type,link_type,free_speed,free_speed_raw,lanes,capacity,allowed_uses,toll,notes
0,East 6th Street,5591077,0,1,1,"LINESTRING (-111.9303126 33.4236793, -111.9302974 33.4237487, -111.9302893 33.4237753, -111.9302809 33.4238008, -111.9302683 33.4238287, -111.9302531 33.4238532, -111.9302353 33.4238761, -111.9302153 33.4238971, -111.9301901 33.4239166, -111.9301629 33.4239344, -111.9301342 33.4239491, -111.930105 33.4239619, -111.930075 33.4239741, -111.9299266 33.4240263, -111.9292474 33.4242503, -111.9290798 33.4242989)",1,141.11,residential,6,,,,,auto,,
1,East 6th Street,5591077,1,0,1,"LINESTRING (-111.9290798 33.4242989, -111.9292474 33.4242503, -111.9299266 33.4240263, -111.930075 33.4239741, -111.930105 33.4239619, -111.9301342 33.4239491, -111.9301629 33.4239344, -111.9301901 33.4239166, -111.9302153 33.4238971, -111.9302353 33.4238761, -111.9302531 33.4238532, -111.9302683 33.4238287, -111.9302809 33.4238008, -111.9302893 33.4237753, -111.9302974 33.4237487, -111.9303126 33.4236793)",1,141.11,residential,6,,,,,auto,,
2,East Jen Tilly Lane,5593228,2,3,1,"LINESTRING (-111.9242764 33.4118974, -111.9237971 33.4118946, -111.9236321 33.4118936, -111.9232523 33.4118914)",1,95.06,residential,6,40,25 mph,,,auto,,
3,East Jen Tilly Lane,5593228,3,2,1,"LINESTRING (-111.9232523 33.4118914, -111.9236321 33.4118936, -111.9237971 33.4118946, -111.9242764 33.4118974)",1,95.06,residential,6,40,25 mph,,,auto,,
4,South McAllister Avenue,5624529,4,5,1,"LINESTRING (-111.9288523 33.4180544, -111.9288521 33.417747, -111.9288571 33.4176455, -111.928875 33.417525, -111.9288928 33.4174421, -111.9289101 33.4173761, -111.9289519 33.4172679, -111.9290111 33.4171412, -111.9290658 33.4170466, -111.9291629 33.4169067, -111.9292636 33.4167865, -111.929412 33.4166399)",1,170.93,tertiary,5,40,25 mph,1,,auto,,
5,South McAllister Avenue,5624529,5,4,1,"LINESTRING (-111.929412 33.4166399, -111.9292636 33.4167865, -111.9291629 33.4169067, -111.9290658 33.4170466, -111.9290111 33.4171412, -111.9289519 33.4172679, -111.9289101 33.4173761, -111.9288928 33.4174421, -111.928875 33.417525, -111.9288571 33.4176455, -111.9288521 33.417747, -111.9288523 33.4180544)",1,170.93,tertiary,5,40,25 mph,1,,auto,,
6,South Packard Drive,5630444,1,6,1,"LINESTRING (-111.9290798 33.4242989, -111.9291226 33.424385, -111.9291911 33.4245463, -111.9292203 33.4246475, -111.9292367 33.424729, -111.929244 33.4248062, -111.9292506 33.4248952, -111.9292543 33.4249537, -111.9292564 33.4252977, -111.9292588 33.4256477, -111.9292613 33.4260085, -111.9292621 33.426115, -111.9292627 33.4261516, -111.9292732 33.4267326, -111.929284 33.4273261, -111.9292893 33.4279802, -111.9293056 33.4285499, -111.929306 33.4286668)",1,488.11,unclassified,20,,,,,auto,,
7,South Packard Drive,5630444,6,1,1,"LINESTRING (-111.929306 33.4286668, -111.9293056 33.4285499, -111.9292893 33.4279802, -111.929284 33.4273261, -111.9292732 33.4267326, -111.9292627 33.4261516, -111.9292621 33.426115, -111.9292613 33.4260085, -111.9292588 33.4256477, -111.9292564 33.4252977, -111.9292543 33.4249537, -111.9292506 33.4248952, -111.929244 33.4248062, -111.9292367 33.424729, -111.9292203 33.4246475, -111.9291911 33.4245463, -111.9291226 33.424385, -111.9290798 33.4242989)",1,488.11,unclassified,20,,,,,auto,,
8,South Forest Avenue,5640924,7,8,1,"LINESTRING (-111.936615 33.416205, -111.9366127 33.4161377, -111.9366121 33.4161007, -111.936606 33.4154179, -111.9366028 33.4150954, -111.9366013 33.4149437, -111.9365974 33.4148035, -111.9365984 33.414741)",1,162.80,residential,6,24,15 mph,,,auto,,
9,South Forest Avenue,5640924,9,7,1,"LINESTRING (-111.9366324 33.4174773, -111.9366283 33.4173869, -111.9366279 33.4173593, -111.936616 33.4164391, -111.9366153 33.4163183, -111.9366156 33.4162727, -111.936615 33.416205)",1,141.49,residential,6,24,15 mph,,,auto,,
10,South Forest Avenue,5640924,8,7,1,"LINESTRING (-111.9365984 33.414741, -111.9365974 33.4148035, -111.9366013 33.4149437, -111.9366028 33.4150954, -111.936606 33.4154179, -111.9366121 33.4161007, -111.9366127 33.4161377, -111.936615 33.416205)",1,162.80,residential,6,24,15 mph,,,auto,,
11,South Forest Avenue,5640924,7,9,1,"LINESTRING (-111.936615 33.416205, -111.9366156 33.4162727, -111.9366153 33.4163183, -111.936616 33.4164391, -111.9366279 33.4173593, -111.9366283 33.4173869, -111.9366324 33.4174773)",1,141.49,residential,6,24,15 mph,,,auto,,
12,East 10th Street,5643860,10,11,1,"LINESTRING (-111.9381322 33.4190867, -111.93819 33.4190773, -111.9385248 33.4190744, -111.9394786 33.4190668, -111.939769 33.4190666, -111.939803 33.4190672, -111.9398533 33.4190667)",1,159.84,residential,6,24,15 mph,,,auto,,
13,East 10th Street,5643860,11,10,1,"LINESTRING (-111.9398533 33.4190667, -111.939803 33.4190672, -111.939769 33.4190666, -111.9394786 33.4190668, -111.9385248 33.4190744, -111.93819 33.4190773, -111.9381322 33.4190867)",1,159.84,residential,6,24,15 mph,,,auto,,
14,South Myrtle Avenue,5658805,12,10,1,"LINESTRING (-111.938132 33.4205154, -111.9381258 33.4202962, -111.9381248 33.4202238, -111.9381226 33.4201018, -111.9381211 33.4199626, -111.9381172 33.4196844, -111.9381214 33.419134, -111.9381322 33.4190867)",1,158.97,residential,6,24,15 mph,,,auto,,
15,South Myrtle Avenue,5658805,13,12,1,"LINESTRING (-111.9381506 33.4218987, -111.938149 33.4218417, -111.938141 33.4212157, -111.938132 33.4205154)",1,153.83,residential,6,24,15 mph,,,auto,,
16,South Myrtle Avenue,5658805,10,12,1,"LINESTRING (-111.9381322 33.4190867, -111.9381214 33.419134, -111.9381172 33.4196844, -111.9381211 33.4199626, -111.9381226 33.4201018, -111.9381248 33.4202238, -111.9381258 33.4202962, -111.938132 33.4205154)",1,158.97,residential,6,24,15 mph,,,auto,,
17,South Myrtle Avenue,5658805,12,13,1,"LINESTRING (-111.938132 33.4205154, -111.938141 33.4212157, -111.938149 33.4218417, -111.9381506 33.4218987)",1,153.83,residential,6,24,15 mph,,,auto,,
18,East Tyler Street,5664425,14,15,1,"LINESTRING (-111.9289334 33.4202593, -111.928812 33.4202592, -111.9287742 33.4202597, -111.9281091 33.4202688, -111.928021 33.4202698, -111.9279077 33.4202707, -111.9278824 33.4202775)",1,97.67,residential,6,24,15 mph,,,auto,,
19,West 9th Street,5669184,16,17,1,"LINESTRING (-111.9391522 33.4204981, -111.9392023 33.420496, -111.939703 33.4204945, -111.9398241 33.4204922, -111.9398765 33.420491)",1,67.23,residential,6,24,15 mph,1,,auto,,
20,West 9th Street,5669184,17,16,1,"LINESTRING (-111.9398765 33.420491, -111.9398241 33.4204922, -111.939703 33.4204945, -111.9392023 33.420496, -111.9391522 33.4204981)",1,67.23,residential,6,24,15 mph,1,,auto,,
21,East Orange Street,28875481,18,19,1,"LINESTRING (-111.9314005 33.4183668, -111.9312446 33.4183693, -111.9311612 33.4183763, -111.9310816 33.4183981, -111.9310345 33.4184085, -111.9309963 33.4184114, -111.9307751 33.4184131, -111.9302052 33.4184174, -111.9300761 33.4184192, -111.9289538 33.4184337, -111.9288536 33.4184375)",1,237.00,residential,6,24,15 mph,,,auto,,
22,East Orange Street,28875481,19,18,1,"LINESTRING (-111.9288536 33.4184375, -111.9289538 33.4184337, -111.9300761 33.4184192, -111.9302052 33.4184174, -111.9307751 33.4184131, -111.9309963 33.4184114, -111.9310345 33.4184085, -111.9310816 33.4183981, -111.9311612 33.4183763, -111.9312446 33.4183693, -111.9314005 33.4183668)",1,237.00,residential,6,24,15 mph,,,auto,,
23,South McAllister Avenue,30031291,20,21,1,"LINESTRING (-111.930665 33.4146657, -111.9306655 33.4145974, -111.9306656 33.4140941, -111.9306575 33.413971, -111.930645 33.413892, -111.930625 33.4138006, -111.9305783 33.4136333, -111.9305606 33.4135119, -111.9305503 33.4115364, -111.930544 33.4115122)",1,351.58,residential,6,40,25 mph,,,auto,,
24,South McAllister Avenue,30031291,21,20,1,"LINESTRING (-111.930544 33.4115122, -111.9305503 33.4115364, -111.9305606 33.4135119, -111.9305783 33.4136333, -111.930625 33.4138006, -111.930645 33.413892, -111.9306575 33.413971, -111.9306656 33.4140941, -111.9306655 33.4145974, -111.930665 33.4146657)",1,351.58,residential,6,40,25 mph,,,auto,,
25,South Terrace Road,30031470,22,23,1,"LINESTRING (-111.9254711 33.4193526, -111.9254173 33.4193059, -111.9253447 33.4192532, -111.9252716 33.4192008, -111.9252093 33.4191578, -111.9251687 33.4191286, -111.9251297 33.4190964, -111.9243576 33.4184057, -111.9239244 33.418023, -111.9232758 33.4174484, -111.9229534 33.4171591, -111.9227895 33.4170116, -111.9226256 33.4168589, -111.9225191 33.4167595)",1,397.94,tertiary,5,40,25 mph,1,,auto,,
26,East Veterans Way,30031644,24,25,1,"LINESTRING (-111.930164 33.4230713, -111.9300699 33.4230394, -111.9299871 33.423008, -111.9299028 33.4229702, -111.9298195 33.4229296, -111.9297369 33.4228875, -111.9296372 33.4228337, -111.9294899 33.4227512)",1,72.16,tertiary,5,48,30 mph,1,,auto,,
27,East Veterans Way,30031644,25,24,1,"LINESTRING (-111.9294899 33.4227512, -111.9296372 33.4228337, -111.9297369 33.4228875, -111.9298195 33.4229296, -111.9299028 33.4229702, -111.9299871 33.423008, -111.9300699 33.4230394, -111.930164 33.4230713)",1,72.16,tertiary,5,48,30 mph,1,,auto,,
28,East Veterans Way,30031694,26,27,1,"LINESTRING (-111.933769 33.4249658, -111.9336623 33.4249299, -111.9334908 33.4248691, -111.9333825 33.4248299, -111.9332692 33.4247847, -111.9331564 33.4247344, -111.9330504 33.4246818, -111.9329336 33.4246196, -111.9328259 33.4245542, -111.9327186 33.4244845, -111.9326075 33.4244052, -111.9325074 33.424328, -111.9324186 33.4242553, -111.932333 33.4241844, -111.9321121 33.4240022, -111.9315938 33.4235729, -111.9315397 33.4235322, -111.9314818 33.4234889, -111.9314285 33.4234518, -111.9313747 33.4234182, -111.9313148 33.4233843, -111.9312621 33.4233557)",1,296.47,tertiary,5,48,30 mph,1,,auto,,
29,East Veterans Way,30031694,28,26,1,"LINESTRING (-111.9349416 33.4254115, -111.9347526 33.4253235, -111.9346612 33.4252835, -111.9345644 33.4252434, -111.934486 33.4252146, -111.9344008 33.4251844, -111.933769 33.4249658)",1,119.70,tertiary,5,48,30 mph,1,,auto,,
30,East Veterans Way,30031703,29,30,1,"LINESTRING (-111.9334559 33.4250076, -111.9336012 33.4250592, -111.9337013 33.4250972, -111.9337914 33.4251323, -111.9338643 33.4251601, -111.9339519 33.4251973)",1,50.65,tertiary,5,48,30 mph,1,,auto,,
31,East Veterans Way,30031703,31,32,1,"LINESTRING (-111.9304115 33.4231876, -111.9305238 33.4232284, -111.9305852 33.423252, -111.9309416 33.4233814, -111.9310075 33.4234055, -111.9310718 33.4234297, -111.9311394 33.4234601, -111.931195 33.4234873, -111.9312556 33.42352, -111.9313179 33.423557, -111.931376 33.4235943, -111.9314329 33.4236353, -111.9314836 33.4236757, -111.9315441 33.423724, -111.9320002 33.4241036, -111.9321775 33.4242506)",1,204.86,tertiary,5,48,30 mph,1,,auto,,
32,East Veterans Way,30031703,32,29,1,"LINESTRING (-111.9321775 33.4242506, -111.9324299 33.4244573, -111.9325371 33.4245376, -111.9326362 33.4246071, -111.9327387 33.4246713, -111.9328519 33.4247394, -111.9329461 33.4247899, -111.9330344 33.4248333, -111.9331259 33.4248769, -111.933232 33.4249219, -111.9333465 33.4249665, -111.9334559 33.4250076)",1,146.62,tertiary,5,48,30 mph,1,,auto,,
33,South Athletes Place,30570980,33,34,1,"LINESTRING (-111.9228964 33.4220263, -111.9228965 33.422132, -111.9228968 33.4224269, -111.9228971 33.422726, -111.9228975 33.4230536, -111.9228981 33.4236505, -111.9229026 33.4238435)",1,202.07,residential,6,40,25 mph,,,auto,,
34,South Athletes Place,30570980,34,33,1,"LINESTRING (-111.9229026 33.4238435, -111.9228981 33.4236505, -111.9228975 33.4230536, -111.9228971 33.422726, -111.9228968 33.4224269, -111.9228965 33.422132, -111.9228964 33.4220263)",1,202.07,residential,6,40,25 mph,,,auto,,
35,Gammage Parkway,72748048,35,36,1,"LINESTRING (-111.9366801 33.4176179, -111.9367204 33.4176388, -111.9367603 33.4176472, -111.9367844 33.4176481, -111.9372473 33.4176456, -111.9376553 33.4176415, -111.9380863 33.4176374, -111.9381405 33.4176359, -111.9382212 33.4176353, -111.9390243 33.4176262, -111.9396414 33.4176196)",1,275.65,residential,6,24,15 mph,1,,auto,,
36,East Lemon Street,157628502,37,38,1,"LINESTRING (-111.9349556 33.4161131, -111.9348472 33.4161125, -111.934151 33.4161148, -111.9338439 33.4161174, -111.9334735 33.4161208, -111.9334013 33.4161209, -111.93338 33.4161208, -111.9333371 33.4161172, -111.9333036 33.416109, -111.9332806 33.4160911, -111.933266 33.4160668)",1,159.42,residential,6,24,15 mph,,,auto,,
37,East Lemon Street,157628502,7,37,1,"LINESTRING (-111.936615 33.416205, -111.936507 33.4161976, -111.9364706 33.4161971, -111.9364014 33.4161951, -111.9363378 33.4161897, -111.9362854 33.4161798, -111.9362434 33.4161713, -111.9361764 33.4161524, -111.9360509 33.4161184, -111.9359784 33.4161084, -111.9359116 33.4161059, -111.9352442 33.4161107, -111.9350403 33.4161126, -111.9349556 33.4161131)",1,155.36,residential,6,24,15 mph,,,auto,,
38,East Lemon Street,157628502,37,7,1,"LINESTRING (-111.9349556 33.4161131, -111.9350403 33.4161126, -111.9352442 33.4161107, -111.9359116 33.4161059, -111.9359784 33.4161084, -111.9360509 33.4161184, -111.9361764 33.4161524, -111.9362434 33.4161713, -111.9362854 33.4161798, -111.9363378 33.4161897, -111.9364014 33.4161951, -111.9364706 33.4161971, -111.936507 33.4161976, -111.936615 33.416205)",1,155.36,residential,6,24,15 mph,,,auto,,
39,East Lemon Street,157628502,38,37,1,"LINESTRING (-111.933266 33.4160668, -111.9332806 33.4160911, -111.9333036 33.416109, -111.9333371 33.4161172, -111.93338 33.4161208, -111.9334013 33.4161209, -111.9334735 33.4161208, -111.9338439 33.4161174, -111.934151 33.4161148, -111.9348472 33.4161125, -111.9349556 33.4161131)",1,159.42,residential,6,24,15 mph,,,auto,,
40,East Vista del Lago Drive,257009023,39,40,1,"LINESTRING (-111.9211588 33.4293611, -111.9211588 33.4295021, -111.9211515 33.4297408, -111.9211468 33.4297978, -111.9211405 33.4298288, -111.921131 33.4298604, -111.9211149 33.4299012, -111.9210909 33.4299476, -111.9210636 33.4299886, -111.9210425 33.4300133, -111.9210217 33.4300348, -111.9210043 33.4300514, -111.920978 33.4300724, -111.9209597 33.4300862, -111.9209325 33.4301047, -111.9209091 33.4301195, -111.9208789 33.430136, -111.9208497 33.43015, -111.9208004 33.4301685, -111.9207659 33.4301789, -111.9207086 33.4301917, -111.9206506 33.4302004, -111.9205916 33.4302034, -111.9205336 33.430201, -111.9203069 33.4301693, -111.920078 33.4301473, -111.9198489 33.4301386, -111.9196278 33.4301419, -111.9193373 33.4301632, -111.9190521 33.4302027, -111.9187834 33.4302583, -111.9185467 33.4303249, -111.918223 33.4304339, -111.9180504 33.4305139, -111.9179373 33.4305664, -111.9177152 33.4306903, -111.9175009 33.4308275, -111.9173182 33.4309518, -111.9171714 33.4310835, -111.9170266 33.4312188, -111.9168616 33.4313994, -111.916749 33.4315426, -111.9167071 33.4315848, -111.9166856 33.4316019, -111.9166648 33.4316157, -111.9166326 33.4316322, -111.9166035 33.4316418, -111.9165625 33.4316523, -111.916519 33.4316576, -111.916474 33.4316579, -111.9164516 33.4316559, -111.9164348 33.4316531, -111.9164157 33.4316492, -111.9163959 33.4316436, -111.9163718 33.4316355, -111.9163378 33.4316186, -111.916237 33.4315691, -111.9159939 33.4314356, -111.9158721 33.4313526)",1,630.74,unclassified,20,,,,,auto,,
41,South Clubview Avenue,257009027,41,40,1,"LINESTRING (-111.9159282 33.4313014, -111.9158721 33.4313526)",1,7.71,unclassified,20,,,,,auto,,
42,South Clubview Avenue,257009027,42,43,1,"LINESTRING (-111.915778 33.4314061, -111.9147514 33.4321924)",1,129.31,unclassified,20,,,,,auto,,
43,South Clubview Avenue,257009027,40,42,1,"LINESTRING (-111.9158721 33.4313526, -111.915778 33.4314061)",1,10.57,unclassified,20,,,,,auto,,
44,South Clubview Avenue,257009027,44,41,1,"LINESTRING (-111.9165191 33.4304935, -111.9159282 33.4313014)",1,105.25,unclassified,20,,,,,auto,,
45,South Clubview Avenue,257009027,45,44,1,"LINESTRING (-111.9171903 33.4295593, -111.9165191 33.4304935)",1,121.12,unclassified,20,,,,,auto,,
46,South Clubview Avenue,257009027,46,45,1,"LINESTRING (-111.917341 33.4293282, -111.9173183 33.4294583, -111.917303 33.4294908, -111.9172188 33.4295348, -111.9171903 33.4295593)",1,31.52,unclassified,20,,,,,auto,,
47,South Clubview Avenue,257009027,43,47,1,"LINESTRING (-111.9147514 33.4321924, -111.914737 33.4322288)",1,4.26,unclassified,20,,,,,auto,,
48,South Rural Road,264834598,48,49,1,"LINESTRING (-111.926223 33.4245011, -111.9262235 33.4245838, -111.9262174 33.4268401, -111.9262149 33.4275095)",1,334.52,primary,3,56,35 mph,3,,auto,,
49,South Rural Road,264834600,50,51,1,"LINESTRING (-111.9263882 33.4238834, -111.9263824 33.4233419)",1,60.21,primary,3,56,35 mph,4,,auto,,
50,South Rural Road,264834600,52,50,1,"LINESTRING (-111.9263865 33.4240145, -111.9263882 33.4238834)",1,14.58,primary,3,56,35 mph,4,,auto,,
51,,264834603,53,54,1,"LINESTRING (-111.9262287 33.4233394, -111.9261044 33.4233397, -111.9258887 33.4233401)",1,31.55,primary,3,,,1,,auto,,
52,,264834603,50,53,1,"LINESTRING (-111.9263882 33.4238834, -111.9263051 33.4237541, -111.9263051 33.4234101, -111.9262922 33.4233833, -111.926273 33.4233624, -111.9262287 33.4233394)",1,65.55,primary,3,,,1,,auto,,
53,East University Drive,329703992,55,56,1,"LINESTRING (-111.930762 33.4220419, -111.9332209 33.4220178, -111.9339953 33.4220122)",1,300.09,secondary,4,56,35 mph,2,,auto,,
54,South Rural Road,395215600,57,58,1,"LINESTRING (-111.926299 33.4195429, -111.9263055 33.4199832)",1,48.96,primary,3,56,35 mph,4,,auto,,
55,South Rural Road,395215600,58,57,1,"LINESTRING (-111.9263055 33.4199832, -111.926299 33.4195429)",1,48.96,primary,3,56,35 mph,3,,auto,,
56,East Apache Boulevard,422266087,59,60,1,"LINESTRING (-111.932805 33.4147645, -111.933487 33.4147609, -111.9342173 33.4147571)",1,131.09,primary,3,56,35 mph,2,,auto,,
57,South College Avenue,422266090,37,61,1,"LINESTRING (-111.9349556 33.4161131, -111.9349554 33.4160606, -111.934956 33.4159047, -111.9349579 33.4156778, -111.9349567 33.4155062)",1,67.49,tertiary,5,24,15 mph,1,,auto,,
58,East Apache Boulevard,436790484,62,20,1,"LINESTRING (-111.931443 33.4146608, -111.9307984 33.4146636, -111.930665 33.4146657)",1,72.21,primary,3,56,35 mph,3,,auto,,
59,East Apache Boulevard,436790485,63,64,1,"LINESTRING (-111.9300149 33.4147941, -111.9305118 33.414788, -111.9306617 33.4147862)",1,60.04,primary,3,56,35 mph,3,,auto,,
60,East Apache Boulevard,436790486,65,66,1,"LINESTRING (-111.9335205 33.4146455, -111.9329616 33.4146434, -111.932794 33.4146458)",1,67.43,primary,3,56,35 mph,2,,auto,,
61,East Apache Boulevard,436790487,64,67,1,"LINESTRING (-111.9306617 33.4147862, -111.9307998 33.4147857, -111.931143 33.4147838, -111.9322177 33.4147716)",1,144.43,primary,3,56,35 mph,2,,auto,,
62,East Apache Boulevard,436790488,60,68,1,"LINESTRING (-111.9342173 33.4147571, -111.9348498 33.4147534, -111.934959 33.4147529)",1,68.84,primary,3,56,35 mph,3,,auto,,
63,East Apache Boulevard,436790489,67,59,1,"LINESTRING (-111.9322177 33.4147716, -111.9327145 33.4147655, -111.932805 33.4147645)",1,54.52,primary,3,56,35 mph,3,,auto,,
64,East Apache Boulevard,436790492,66,62,1,"LINESTRING (-111.932794 33.4146458, -111.9327144 33.4146467, -111.931443 33.4146608)",1,125.40,primary,3,56,35 mph,2,,auto,,
65,East Apache Boulevard,436790494,69,70,1,"LINESTRING (-111.929145 33.4146674, -111.9285601 33.4146783, -111.9273992 33.4146867, -111.927372 33.4146858)",1,164.58,primary,3,56,35 mph,2,,auto,,
66,East University Drive,436794670,71,72,1,"LINESTRING (-111.927387 33.4220144, -111.9271823 33.4220171)",1,19.00,secondary,4,56,35 mph,4,,auto,,
67,East University Drive,436794670,72,71,1,"LINESTRING (-111.9271823 33.4220171, -111.927387 33.4220144)",1,19.00,secondary,4,56,35 mph,2,,auto,,
68,East University Drive,436794672,73,74,1,"LINESTRING (-111.9295985 33.4220148, -111.9290744 33.4220195, -111.928941 33.4220194)",1,61.02,secondary,4,56,35 mph,3,,auto,,
69,East University Drive,436794672,74,73,1,"LINESTRING (-111.928941 33.4220194, -111.9290744 33.4220195, -111.9295985 33.4220148)",1,61.02,secondary,4,56,35 mph,2,,auto,,
70,East University Drive,436794675,74,75,1,"LINESTRING (-111.928941 33.4220194, -111.928792 33.4220174, -111.9285829 33.4220147)",1,33.24,secondary,4,56,35 mph,2,,auto,,
71,East University Drive,436794675,75,74,1,"LINESTRING (-111.9285829 33.4220147, -111.928792 33.4220174, -111.928941 33.4220194)",1,33.24,secondary,4,56,35 mph,3,,auto,,
72,East University Drive,436794678,72,76,1,"LINESTRING (-111.9271823 33.4220171, -111.9269657 33.42202)",1,20.10,secondary,4,56,35 mph,4,,auto,,
73,East University Drive,436794678,76,72,1,"LINESTRING (-111.9269657 33.42202, -111.9271823 33.4220171)",1,20.10,secondary,4,56,35 mph,2,,auto,,
74,East University Drive,436794681,77,78,1,"LINESTRING (-111.9276681 33.4220143, -111.9277984 33.4220541, -111.9283263 33.4220454, -111.9283878 33.4220419, -111.9284316 33.4220121)",1,72.84,secondary,4,56,35 mph,2,,auto,,
75,East Rio Salado Parkway,436795889,79,80,1,"LINESTRING (-111.917926 33.4292135, -111.9176227 33.429209, -111.91735 33.4292104, -111.9166739 33.4292158, -111.9155091 33.4292051, -111.9151839 33.429206, -111.914735 33.4292258, -111.9142444 33.4292611, -111.9139649 33.4292761, -111.9136544 33.4292795, -111.9133673 33.4292745, -111.9130012 33.4292583, -111.912682 33.4292364, -111.9126373 33.4292316, -111.9121478 33.4291744, -111.911443 33.4290917, -111.9108015 33.4290669, -111.9101512 33.4290776, -111.9099576 33.4290973)",1,741.24,secondary,4,64,40 mph,2,,auto,,
76,East Rio Salado Parkway,436797606,81,46,1,"LINESTRING (-111.9126336 33.4293372, -111.9129939 33.4293644, -111.9133878 33.42938, -111.9136705 33.4293825, -111.9139727 33.4293766, -111.9142579 33.4293657, -111.9147312 33.4293327, -111.915193 33.4293106, -111.9155172 33.4293081, -111.9166826 33.4293204, -111.917341 33.4293282)",1,437.30,secondary,4,,,2,,auto,,
77,East Rio Salado Parkway,436797606,46,82,1,"LINESTRING (-111.917341 33.4293282, -111.917438 33.4293305)",1,9.01,secondary,4,,,2,,auto,,
78,South Rural Road,436942363,83,84,1,"LINESTRING (-111.9262882 33.4105131, -111.9262896 33.4108454, -111.9262893 33.4109526, -111.9262897 33.4110862, -111.92629 33.4111847, -111.9262934 33.4122998, -111.9262937 33.4124064, -111.9262942 33.4124964)",1,220.53,primary,3,56,35 mph,3,,auto,,
79,South Rural Road,436942363,84,83,1,"LINESTRING (-111.9262942 33.4124964, -111.9262937 33.4124064, -111.9262934 33.4122998, -111.92629 33.4111847, -111.9262897 33.4110862, -111.9262893 33.4109526, -111.9262896 33.4108454, -111.9262882 33.4105131)",1,220.53,primary,3,56,35 mph,3,,auto,,
80,South Rural Road,436942364,85,86,1,"LINESTRING (-111.9262955 33.4184244, -111.9262944 33.4185822)",1,17.55,primary,3,56,35 mph,3,,auto,,
81,South Rural Road,436942364,86,85,1,"LINESTRING (-111.9262944 33.4185822, -111.9262955 33.4184244)",1,17.55,primary,3,56,35 mph,3,,auto,,
82,South Rural Road,436942370,87,88,1,"LINESTRING (-111.9262833 33.4283177, -111.9263666 33.428055, -111.9263688 33.4275117)",1,90.63,primary,3,56,35 mph,3,,auto,,
83,South Rural Road,436942372,86,89,1,"LINESTRING (-111.9262944 33.4185822, -111.9262989 33.4190261, -111.926296 33.4191375)",1,61.75,primary,3,56,35 mph,4,,auto,,
84,South Rural Road,436942372,89,86,1,"LINESTRING (-111.926296 33.4191375, -111.9262989 33.4190261, -111.9262944 33.4185822)",1,61.75,primary,3,56,35 mph,3,,auto,,
85,South Rural Road,436942373,90,91,1,"LINESTRING (-111.9262989 33.4202366, -111.926298 33.4202694)",1,3.65,primary,3,56,35 mph,3,,auto,,
86,South Rural Road,436942373,91,90,1,"LINESTRING (-111.926298 33.4202694, -111.9262989 33.4202366)",1,3.65,primary,3,56,35 mph,3,,auto,,
87,South Rural Road,436942375,87,92,1,"LINESTRING (-111.9262833 33.4283177, -111.9262822 33.4286892, -111.926282 33.4287845)",1,51.91,primary,3,56,35 mph,6,,auto,,
88,South Rural Road,436942375,92,87,1,"LINESTRING (-111.926282 33.4287845, -111.9262822 33.4286892, -111.9262833 33.4283177)",1,51.91,primary,3,56,35 mph,3,,auto,,
89,South Rural Road,436942376,89,57,1,"LINESTRING (-111.926296 33.4191375, -111.9262981 33.4192639, -111.926299 33.4195429)",1,45.08,primary,3,56,35 mph,3,,auto,,
90,South Rural Road,436942376,57,89,1,"LINESTRING (-111.926299 33.4195429, -111.9262981 33.4192639, -111.926296 33.4191375)",1,45.08,primary,3,56,35 mph,3,,auto,,
91,South Rural Road,436942377,93,94,1,"LINESTRING (-111.9263916 33.4208903, -111.926389 33.4207332, -111.9263871 33.4206018, -111.9263019 33.4203615)",1,59.95,primary,3,56,35 mph,4,,auto,,
92,South Rural Road,436942379,95,48,1,"LINESTRING (-111.9262248 33.4242002, -111.926224 33.4244218, -111.926223 33.4245011)",1,33.46,primary,3,56,35 mph,4,,auto,,
93,South Rural Road,436942383,96,97,1,"LINESTRING (-111.926379 33.4250061, -111.9263807 33.424594, -111.926381 33.4245047)",1,55.75,primary,3,56,35 mph,4,,auto,,
94,South Rural Road,436942384,98,85,1,"LINESTRING (-111.9263 33.4175412, -111.926299 33.41763, -111.926299 33.417787, -111.9262995 33.4180207, -111.9262973 33.4181954, -111.9262955 33.4184244)",1,98.21,primary,3,56,35 mph,3,,auto,,
95,South Rural Road,436942384,85,98,1,"LINESTRING (-111.9262955 33.4184244, -111.9262973 33.4181954, -111.9262995 33.4180207, -111.926299 33.417787, -111.926299 33.41763, -111.9263 33.4175412)",1,98.21,primary,3,56,35 mph,3,,auto,,
96,South Rural Road,436942386,94,99,1,"LINESTRING (-111.9263019 33.4203615, -111.9262331 33.420595, -111.9262379 33.4209763, -111.9262382 33.4210663, -111.9262455 33.42116)",1,89.59,primary,3,56,35 mph,3,,auto,,
97,South McAllister Avenue,472156131,74,100,1,"LINESTRING (-111.928941 33.4220194, -111.9289327 33.4218987, -111.9289364 33.4215873)",1,48.07,tertiary,5,40,25 mph,1,,auto,,
98,South McAllister Avenue,472156131,100,74,1,"LINESTRING (-111.9289364 33.4215873, -111.9289327 33.4218987, -111.928941 33.4220194)",1,48.07,tertiary,5,40,25 mph,3,,auto,,
99,South Rural Road,472156132,91,94,1,"LINESTRING (-111.926298 33.4202694, -111.9263019 33.4203615)",1,10.25,primary,3,56,35 mph,3,,auto,,
100,South Rural Road,472156132,94,91,1,"LINESTRING (-111.9263019 33.4203615, -111.926298 33.4202694)",1,10.25,primary,3,56,35 mph,3,,auto,,
101,East Apache Boulevard,512811687,20,101,1,"LINESTRING (-111.930665 33.4146657, -111.9304957 33.4146672, -111.930371 33.4146669, -111.9298286 33.4146655, -111.9291931 33.4146673)",1,136.62,primary,3,56,35 mph,2,,auto,,
102,East Apache Boulevard,512811687,101,69,1,"LINESTRING (-111.9291931 33.4146673, -111.929145 33.4146674)",1,4.46,primary,3,56,35 mph,2,,auto,,
103,East Apache Boulevard,512811693,102,63,1,"LINESTRING (-111.929147 33.4148012, -111.9300149 33.4147941)",1,80.56,primary,3,56,35 mph,2,,auto,,
104,South Rural Road,528165155,88,96,1,"LINESTRING (-111.9263688 33.4275117, -111.926379 33.4250061)",1,278.61,primary,3,56,35 mph,3,,auto,,
105,South Rural Road,528165156,49,87,1,"LINESTRING (-111.9262149 33.4275095, -111.9262129 33.4280488, -111.9262833 33.4283177)",1,90.57,primary,3,56,35 mph,3,,auto,,
106,South Rural Road,533371300,53,95,1,"LINESTRING (-111.9262287 33.4233394, -111.9262251 33.4237605, -111.9262248 33.4242002)",1,95.72,primary,3,56,35 mph,3,,auto,,
107,East Apache Boulevard,533371303,103,104,1,"LINESTRING (-111.9273946 33.4148143, -111.9285674 33.4148071, -111.9289989 33.4148027)",1,148.91,primary,3,56,35 mph,2,,auto,,
108,East Apache Boulevard,533371303,104,102,1,"LINESTRING (-111.9289989 33.4148027, -111.929147 33.4148012)",1,13.75,primary,3,56,35 mph,2,,auto,,
109,East University Drive,533573787,73,105,1,"LINESTRING (-111.9295985 33.4220148, -111.9297409 33.4220518, -111.9307035 33.4220425)",1,103.18,secondary,4,56,35 mph,2,,auto,,
110,East University Drive,533573787,105,55,1,"LINESTRING (-111.9307035 33.4220425, -111.930762 33.4220419)",1,5.43,secondary,4,56,35 mph,2,,auto,,
111,South College Avenue,533573788,106,68,1,"LINESTRING (-111.9349577 33.4150723, -111.9349563 33.4148208, -111.934959 33.4147529)",1,35.52,tertiary,5,24,15 mph,2,,auto,,
112,East Apache Boulevard,533573789,107,108,1,"LINESTRING (-111.934955 33.4146147, -111.9348375 33.4146181, -111.9346669 33.4146211, -111.934296 33.4146294, -111.9338144 33.4146435, -111.9337225 33.4146441)",1,114.44,primary,3,56,35 mph,2,,auto,,
113,East Apache Boulevard,533573789,108,65,1,"LINESTRING (-111.9337225 33.4146441, -111.9335205 33.4146455)",1,18.75,primary,3,56,35 mph,2,,auto,,
114,South College Avenue,536925046,61,106,1,"LINESTRING (-111.9349567 33.4155062, -111.9349577 33.4150723)",1,48.25,tertiary,5,24,15 mph,2,,auto,,
115,South Terrace Road,537091885,109,91,1,"LINESTRING (-111.9254783 33.4195802, -111.9260777 33.420119, -111.9261112 33.420147, -111.9261426 33.4201705, -111.9261775 33.4201966, -111.9262128 33.4202223, -111.9262529 33.420247, -111.926298 33.4202694)",1,108.26,tertiary,5,40,25 mph,2,,auto,,
116,South McAllister Avenue,537091886,64,20,1,"LINESTRING (-111.9306617 33.4147862, -111.9306615 33.4147625, -111.9306653 33.4146996, -111.930665 33.4146657)",1,13.41,tertiary,5,40,25 mph,1,,auto,,
117,South McAllister Avenue,537091886,20,64,1,"LINESTRING (-111.930665 33.4146657, -111.9306653 33.4146996, -111.9306615 33.4147625, -111.9306617 33.4147862)",1,13.41,tertiary,5,40,25 mph,1,,auto,,
118,South McAllister Avenue,537091887,64,110,1,"LINESTRING (-111.9306617 33.4147862, -111.9306135 33.4148737, -111.9306049 33.4150435, -111.9305912 33.4151961, -111.9305745 33.4152628)",1,54.20,tertiary,5,40,25 mph,,,auto,,
119,South McAllister Avenue,537091888,111,5,1,"LINESTRING (-111.9301943 33.4158335, -111.9301574 33.4158684, -111.93011 33.4159179, -111.9294542 33.4165531, -111.929412 33.4166399)",1,115.88,tertiary,5,40,25 mph,1,,auto,,
120,South McAllister Avenue,537091888,110,111,1,"LINESTRING (-111.9305745 33.4152628, -111.9305319 33.4153831, -111.9304791 33.4154969, -111.9304001 33.4156225, -111.9303114 33.4157244, -111.9301943 33.4158335)",1,73.59,tertiary,5,40,25 mph,1,,auto,,
121,South McAllister Avenue,537091889,19,4,1,"LINESTRING (-111.9288536 33.4184375, -111.9288542 33.4183454, -111.9288523 33.4180544)",1,42.60,tertiary,5,40,25 mph,1,,auto,,
122,South McAllister Avenue,537091889,4,19,1,"LINESTRING (-111.9288523 33.4180544, -111.9288542 33.4183454, -111.9288536 33.4184375)",1,42.60,tertiary,5,40,25 mph,2,,auto,,
123,South McAllister Avenue,537091890,112,19,1,"LINESTRING (-111.9288801 33.4195869, -111.9288784 33.4195156, -111.9288758 33.4193999, -111.9288716 33.4192147, -111.928868 33.4190487, -111.9288557 33.4185321, -111.9288536 33.4184375)",1,127.83,tertiary,5,40,25 mph,1,,auto,,
124,South McAllister Avenue,537091890,19,112,1,"LINESTRING (-111.9288536 33.4184375, -111.9288557 33.4185321, -111.928868 33.4190487, -111.9288716 33.4192147, -111.9288758 33.4193999, -111.9288784 33.4195156, -111.9288801 33.4195869)",1,127.83,tertiary,5,40,25 mph,1,,auto,,
125,South McAllister Avenue,537091891,113,112,1,"LINESTRING (-111.9289097 33.4200493, -111.9289036 33.4199746, -111.928884 33.4196701, -111.9288801 33.4195869)",1,51.49,tertiary,5,40,25 mph,1,,auto,,
126,South McAllister Avenue,537091891,112,113,1,"LINESTRING (-111.9288801 33.4195869, -111.928884 33.4196701, -111.9289036 33.4199746, -111.9289097 33.4200493)",1,51.49,tertiary,5,40,25 mph,1,,auto,,
127,South McAllister Avenue,537091892,14,113,1,"LINESTRING (-111.9289334 33.4202593, -111.9289212 33.4201677, -111.9289097 33.4200493)",1,23.46,tertiary,5,40,25 mph,1,,auto,,
128,South McAllister Avenue,537091892,113,14,1,"LINESTRING (-111.9289097 33.4200493, -111.9289212 33.4201677, -111.9289334 33.4202593)",1,23.46,tertiary,5,40,25 mph,2,,auto,,
129,South McAllister Avenue,537091893,114,14,1,"LINESTRING (-111.9289637 33.4208706, -111.9289641 33.4206888, -111.9289632 33.4206327, -111.9289537 33.4204819, -111.928944 33.4203395, -111.9289334 33.4202593)",1,68.08,tertiary,5,40,25 mph,2,,auto,,
130,South McAllister Avenue,537091893,14,114,1,"LINESTRING (-111.9289334 33.4202593, -111.928944 33.4203395, -111.9289537 33.4204819, -111.9289632 33.4206327, -111.9289641 33.4206888, -111.9289637 33.4208706)",1,68.08,tertiary,5,40,25 mph,1,,auto,,
131,South McAllister Avenue,537091895,100,115,1,"LINESTRING (-111.9289364 33.4215873, -111.9289384 33.4213934, -111.9289515 33.4212016)",1,42.92,tertiary,5,40,25 mph,1,,auto,,
132,South McAllister Avenue,537091895,115,100,1,"LINESTRING (-111.9289515 33.4212016, -111.9289384 33.4213934, -111.9289364 33.4215873)",1,42.92,tertiary,5,40,25 mph,1,,auto,,
133,East Veterans Way,537091896,25,116,1,"LINESTRING (-111.9294899 33.4227512, -111.9293023 33.4226415)",1,21.26,tertiary,5,48,30 mph,2,,auto,,
134,East Veterans Way,537091896,116,25,1,"LINESTRING (-111.9293023 33.4226415, -111.9294899 33.4227512)",1,21.26,tertiary,5,48,30 mph,1,,auto,,
135,East Veterans Way,537091897,116,117,1,"LINESTRING (-111.9293023 33.4226415, -111.9292548 33.4226116, -111.9292125 33.4225822, -111.9291733 33.4225486, -111.9291389 33.422515, -111.9291124 33.4224856)",1,24.85,tertiary,5,48,30 mph,1,,auto,,
136,East Veterans Way,537091897,117,116,1,"LINESTRING (-111.9291124 33.4224856, -111.9291389 33.422515, -111.9291733 33.4225486, -111.9292125 33.4225822, -111.9292548 33.4226116, -111.9293023 33.4226415)",1,24.85,tertiary,5,48,30 mph,1,,auto,,
137,East Veterans Way,537091898,117,118,1,"LINESTRING (-111.9291124 33.4224856, -111.9290849 33.4224503, -111.9290592 33.4224134)",1,9.43,tertiary,5,48,30 mph,2,,auto,,
138,East Veterans Way,537091898,118,117,1,"LINESTRING (-111.9290592 33.4224134, -111.9290849 33.4224503, -111.9291124 33.4224856)",1,9.43,tertiary,5,48,30 mph,1,,auto,,
139,East Veterans Way,537091900,118,74,1,"LINESTRING (-111.9290592 33.4224134, -111.9290334 33.4223709, -111.9290113 33.422326, -111.9289917 33.4222761, -111.9289764 33.4222264, -111.928966 33.4221896, -111.9289593 33.4221573, -111.9289502 33.4221074, -111.928941 33.4220194)",1,45.52,tertiary,5,48,30 mph,3,,auto,,
140,East Veterans Way,537091900,74,118,1,"LINESTRING (-111.928941 33.4220194, -111.9289502 33.4221074, -111.9289593 33.4221573, -111.928966 33.4221896, -111.9289764 33.4222264, -111.9289917 33.4222761, -111.9290113 33.422326, -111.9290334 33.4223709, -111.9290592 33.4224134)",1,45.52,tertiary,5,48,30 mph,1,,auto,,
141,East Veterans Way,537091902,27,119,1,"LINESTRING (-111.9312621 33.4233557, -111.9312024 33.4233268, -111.9311254 33.423291, -111.9310393 33.4232543, -111.9309529 33.4232221, -111.9308638 33.4231932, -111.930778 33.423169, -111.9306991 33.4231508, -111.9306258 33.4231385, -111.9305439 33.4231279, -111.9304865 33.4231213, -111.9304264 33.4231132)",1,82.87,tertiary,5,48,30 mph,2,,auto,,
142,East 6th Street,544548410,120,97,1,"LINESTRING (-111.9275131 33.4245054, -111.9264826 33.4245064, -111.926381 33.4245047)",1,105.07,residential,6,,,,,auto,,
143,East 6th Street,544548410,1,120,1,"LINESTRING (-111.9290798 33.4242989, -111.9289046 33.4243452, -111.9287135 33.4243933, -111.928643 33.4244053, -111.9283655 33.4244526, -111.9282474 33.4244664, -111.9281214 33.4244812, -111.9278961 33.424498, -111.9275131 33.4245054)",1,147.96,residential,6,,,,,auto,,
144,East 6th Street,544548410,97,120,1,"LINESTRING (-111.926381 33.4245047, -111.9264826 33.4245064, -111.9275131 33.4245054)",1,105.07,residential,6,,,,,auto,,
145,East 6th Street,544548410,120,1,1,"LINESTRING (-111.9275131 33.4245054, -111.9278961 33.424498, -111.9281214 33.4244812, -111.9282474 33.4244664, -111.9283655 33.4244526, -111.928643 33.4244053, -111.9287135 33.4243933, -111.9289046 33.4243452, -111.9290798 33.4242989)",1,147.96,residential,6,,,,,auto,,
146,South McAllister Avenue,613698108,5,121,1,"LINESTRING (-111.929412 33.4166399, -111.9295169 33.4165881, -111.9296074 33.416506, -111.9301514 33.4159779)",1,101.16,tertiary,5,40,25 mph,1,,auto,,
147,South McAllister Avenue,613698108,121,122,1,"LINESTRING (-111.9301514 33.4159779, -111.930226 33.4159055, -111.9303493 33.4157851, -111.9304248 33.4157061, -111.9304881 33.4156245, -111.9305592 33.4155164, -111.9306186 33.4154082, -111.9306452 33.4153477, -111.9306642 33.4152742)",1,92.75,tertiary,5,40,25 mph,1,,auto,,
148,South Terrace Road,656385563,123,109,1,"LINESTRING (-111.9253448 33.4194497, -111.9254093 33.4195129, -111.9254783 33.4195802)",1,19.08,tertiary,5,40,25 mph,1,,auto,,
149,South Terrace Road,656385563,124,123,1,"LINESTRING (-111.9231947 33.4175274, -111.9235309 33.4178266, -111.923805 33.418071, -111.9238901 33.4181448, -111.9244238 33.4186182, -111.9245027 33.4186905, -111.9245938 33.418771, -111.9249179 33.4190607, -111.9250353 33.4191657, -111.9250996 33.419223, -111.9252945 33.4194005, -111.9253448 33.4194497)",1,292.43,tertiary,5,40,25 mph,1,,auto,,
150,South McKinney Way,670986092,125,44,1,"LINESTRING (-111.9166557 33.4305645, -111.9166263 33.4305492, -111.9165191 33.4304935)",1,14.93,unclassified,20,,,,,auto,,
151,South Forest Avenue,723559146,35,9,1,"LINESTRING (-111.9366801 33.4176179, -111.9366517 33.4175826, -111.9366357 33.4175415, -111.9366324 33.4174773)",1,16.68,residential,6,24,15 mph,,,auto,,
152,South McAllister Avenue,777220833,115,114,1,"LINESTRING (-111.9289515 33.4212016, -111.9289598 33.4210596, -111.9289637 33.4208706)",1,36.83,tertiary,5,40,25 mph,1,,auto,,
153,South McAllister Avenue,777220833,114,115,1,"LINESTRING (-111.9289637 33.4208706, -111.9289598 33.4210596, -111.9289515 33.4212016)",1,36.83,tertiary,5,40,25 mph,1,,auto,,
154,South Normal Avenue,853293824,66,126,1,"LINESTRING (-111.932794 33.4146458, -111.9327934 33.4145749, -111.9327836 33.4141792, -111.9327814 33.4140702, -111.9327775 33.4135705)",1,119.58,residential,6,,,,,auto,,
155,South Clubview Avenue,871746178,127,128,1,"LINESTRING (-111.9146725 33.4322419, -111.9146481 33.4322613)",1,3.13,unclassified,20,,,,,auto,,
156,South Clubview Avenue,871746178,129,130,1,"LINESTRING (-111.9146551 33.4323653, -111.914682 33.4323822)",1,3.12,unclassified,20,,,,,auto,,
157,South Clubview Avenue,871746178,128,131,1,"LINESTRING (-111.9146481 33.4322613, -111.914633 33.4322864)",1,3.12,unclassified,20,,,,,auto,,
158,South Clubview Avenue,871746178,132,47,1,"LINESTRING (-111.9148228 33.4323224, -111.9148229 33.4322974, -111.9148139 33.4322736, -111.9147966 33.4322532, -111.9147694 33.4322366, -111.914737 33.4322288)",1,14.59,unclassified,20,,,,,auto,,
159,South Clubview Avenue,871746178,47,133,1,"LINESTRING (-111.914737 33.4322288, -111.9147034 33.4322306)",1,3.12,unclassified,20,,,,,auto,,
160,South Clubview Avenue,871746178,133,127,1,"LINESTRING (-111.9147034 33.4322306, -111.9146725 33.4322419)",1,3.13,unclassified,20,,,,,auto,,
161,South Clubview Avenue,871746178,134,132,1,"LINESTRING (-111.9147442 33.4323898, -111.9147724 33.4323815, -111.9147963 33.4323665, -111.9148137 33.4323462, -111.9148228 33.4323224)",1,11.10,unclassified,20,,,,,auto,,
162,South Clubview Avenue,871746178,131,135,1,"LINESTRING (-111.914633 33.4322864, -111.9146291 33.4323143)",1,3.12,unclassified,20,,,,,auto,,
163,South Clubview Avenue,871746178,135,136,1,"LINESTRING (-111.9146291 33.4323143, -111.9146367 33.4323417)",1,3.13,unclassified,20,,,,,auto,,
164,South Clubview Avenue,871746178,136,129,1,"LINESTRING (-111.9146367 33.4323417, -111.9146551 33.4323653)",1,3.13,unclassified,20,,,,,auto,,
165,South Clubview Avenue,871746178,130,137,1,"LINESTRING (-111.914682 33.4323822, -111.9147143 33.4323905)",1,3.14,unclassified,20,,,,,auto,,
166,South Clubview Avenue,871746178,137,134,1,"LINESTRING (-111.9147143 33.4323905, -111.9147442 33.4323898)",1,2.78,unclassified,20,,,,,auto,,
167,East Packard Drive,872138141,138,51,1,"LINESTRING (-111.9275107 33.4233377, -111.926508 33.4233406, -111.9263824 33.4233419)",1,104.71,unclassified,20,,,1,,auto,,
168,East Packard Drive,872138141,1,138,1,"LINESTRING (-111.9290798 33.4242989, -111.9290427 33.4242221, -111.9287706 33.4236406, -111.9287539 33.4236069, -111.9286792 33.4234783, -111.9285811 33.4233769, -111.9284457 33.4233341, -111.9275107 33.4233377)",1,213.27,unclassified,20,,,1,,auto,,
169,East Packard Drive,872138141,51,138,1,"LINESTRING (-111.9263824 33.4233419, -111.926508 33.4233406, -111.9275107 33.4233377)",1,104.71,unclassified,20,,,1,,auto,,
170,East Packard Drive,872138141,138,1,1,"LINESTRING (-111.9275107 33.4233377, -111.9284457 33.4233341, -111.9285811 33.4233769, -111.9286792 33.4234783, -111.9287539 33.4236069, -111.9287706 33.4236406, -111.9290427 33.4242221, -111.9290798 33.4242989)",1,213.27,unclassified,20,,,1,,auto,,
171,South Novus Place,872138142,120,139,1,"LINESTRING (-111.9275131 33.4245054, -111.9275138 33.4244324, -111.9275109 33.423414)",1,121.36,unclassified,20,,,,,auto,,
172,,889439248,140,56,1,"LINESTRING (-111.9339885 33.4219235, -111.9339953 33.4220122)",1,9.88,secondary,4,,,,,auto,,
173,East University Drive,889439249,141,73,1,"LINESTRING (-111.930762 33.421952, -111.9302053 33.4219599, -111.9297246 33.4219631, -111.9295985 33.4220148)",1,109.33,secondary,4,56,35 mph,2,,auto,,
174,East University Drive,889439250,142,140,1,"LINESTRING (-111.934969 33.4219161, -111.9348817 33.4219166, -111.9341763 33.421922, -111.9339885 33.4219235)",1,91.00,secondary,4,56,35 mph,2,,auto,,
175,South Forest Avenue,909501716,143,144,1,"LINESTRING (-111.936661 33.4219091, -111.9366607 33.4218493, -111.936651 33.4212927)",1,68.55,residential,6,24,15 mph,1,,auto,,
176,South Forest Avenue,909501716,144,143,1,"LINESTRING (-111.936651 33.4212927, -111.9366607 33.4218493, -111.936661 33.4219091)",1,68.55,residential,6,24,15 mph,1,,auto,,
177,East 6th Street,965750050,97,48,1,"LINESTRING (-111.926381 33.4245047, -111.926223 33.4245011)",1,14.67,residential,6,,,,,auto,,
178,East 6th Street,965750050,48,97,1,"LINESTRING (-111.926223 33.4245011, -111.926381 33.4245047)",1,14.67,residential,6,,,,,auto,,
179,South Rural Road,966303717,58,90,1,"LINESTRING (-111.9263055 33.4199832, -111.9262989 33.420183, -111.9262989 33.4202366)",1,28.19,primary,3,56,35 mph,4,,auto,,
180,South Rural Road,966303717,90,58,1,"LINESTRING (-111.9262989 33.4202366, -111.9262989 33.420183, -111.9263055 33.4199832)",1,28.19,primary,3,56,35 mph,3,,auto,,
181,,989284359,108,59,1,"LINESTRING (-111.9337225 33.4146441, -111.9336672 33.4146694, -111.9335229 33.4147046, -111.9329187 33.4147111, -111.9328584 33.4147234, -111.9328194 33.414744, -111.932805 33.4147645)",1,88.58,primary,3,,,1,,auto,,
182,,989284360,67,66,1,"LINESTRING (-111.9322177 33.4147716, -111.9322444 33.4147502, -111.9323541 33.4147182, -111.9326208 33.4147143, -111.9326565 33.414711, -111.9327139 33.4146978, -111.9327536 33.4146785, -111.932794 33.4146458)",1,57.33,primary,3,,,,,auto,,
183,East University Drive,1002525088,56,145,1,"LINESTRING (-111.9339953 33.4220122, -111.9348546 33.4220008, -111.934969 33.4220021)",1,90.38,secondary,4,56,35 mph,2,,auto,,
184,East University Drive,1002525089,140,146,1,"LINESTRING (-111.9339885 33.4219235, -111.933847 33.4219238, -111.9332334 33.4219285, -111.9308264 33.4219514)",1,293.48,secondary,4,56,35 mph,2,,auto,,
185,East University Drive,1002525089,146,141,1,"LINESTRING (-111.9308264 33.4219514, -111.930762 33.421952)",1,5.98,secondary,4,56,35 mph,2,,auto,,
186,Gammage Parkway,1014049682,147,9,1,"LINESTRING (-111.9398439 33.4174549, -111.9397819 33.4174542, -111.9396173 33.4174516, -111.9382655 33.4174641, -111.938215 33.4174644, -111.9381365 33.4174648, -111.9368123 33.4174751, -111.9367878 33.4174758, -111.9366324 33.4174773)",1,298.09,residential,6,24,15 mph,,,auto,,
187,South McAllister Avenue,1039338100,122,64,1,"LINESTRING (-111.9306642 33.4152742, -111.9306766 33.415185, -111.9306837 33.4150881, -111.930692 33.4148754, -111.9306617 33.4147862)",1,54.75,tertiary,5,40,25 mph,2,,auto,,
188,South Rural Road,1048412597,97,52,1,"LINESTRING (-111.926381 33.4245047, -111.926382 33.4244228, -111.9263865 33.4240145)",1,54.51,primary,3,56,35 mph,3,,auto,,
189,East Lemon Street,1070423860,148,149,1,"LINESTRING (-111.9271661 33.4167019, -111.9269012 33.4167816, -111.9267747 33.4168068, -111.9266603 33.4168247, -111.9265493 33.4168331, -111.9264634 33.4168355, -111.926303 33.4168382)",1,82.22,residential,6,,,,,auto,,
190,East Lemon Street,1070423860,149,148,1,"LINESTRING (-111.926303 33.4168382, -111.9264634 33.4168355, -111.9265493 33.4168331, -111.9266603 33.4168247, -111.9267747 33.4168068, -111.9269012 33.4167816, -111.9271661 33.4167019)",1,82.22,residential,6,,,,,auto,,
191,Gammage Parkway,1077600800,36,150,1,"LINESTRING (-111.9396414 33.4176196, -111.939747 33.4176199, -111.9397854 33.4176201, -111.9398424 33.4176211)",1,18.66,residential,6,24,15 mph,2,,auto,,
192,East University Drive,1078715155,75,78,1,"LINESTRING (-111.9285829 33.4220147, -111.9284316 33.4220121)",1,14.04,secondary,4,56,35 mph,2,,auto,,
193,East University Drive,1078715155,78,75,1,"LINESTRING (-111.9284316 33.4220121, -111.9285829 33.4220147)",1,14.04,secondary,4,56,35 mph,2,,auto,,
194,East University Drive,1078715157,77,151,1,"LINESTRING (-111.9276681 33.4220143, -111.9275241 33.4220137)",1,13.36,secondary,4,56,35 mph,2,,auto,,
195,East University Drive,1078715157,151,71,1,"LINESTRING (-111.9275241 33.4220137, -111.927387 33.4220144)",1,12.72,secondary,4,56,35 mph,2,,auto,,
196,East University Drive,1078715157,71,151,1,"LINESTRING (-111.927387 33.4220144, -111.9275241 33.4220137)",1,12.72,secondary,4,56,35 mph,2,,auto,,
197,East University Drive,1078715157,151,77,1,"LINESTRING (-111.9275241 33.4220137, -111.9276681 33.4220143)",1,13.36,secondary,4,56,35 mph,2,,auto,,
198,East University Drive,1078715158,78,77,1,"LINESTRING (-111.9284316 33.4220121, -111.9283093 33.4219703, -111.9282432 33.4219692, -111.9277786 33.4219666, -111.9276681 33.4220143)",1,73.07,secondary,4,56,35 mph,2,,auto,,
199,South Novus Place,1088031717,139,138,1,"LINESTRING (-111.9275109 33.423414, -111.9275107 33.4233377)",1,8.48,unclassified,20,,,,,auto,,
200,South Novus Place,1088031717,138,152,1,"LINESTRING (-111.9275107 33.4233377, -111.9275129 33.4232447)",1,10.34,unclassified,20,,,,,auto,,
201,South Novus Place,1088031718,152,151,1,"LINESTRING (-111.9275129 33.4232447, -111.9275204 33.4224709, -111.9275243 33.4221137, -111.9275241 33.4220137)",1,136.89,unclassified,20,,,,,auto,,
202,East University Drive,1088637808,76,153,1,"LINESTRING (-111.9269657 33.42202, -111.9266137 33.4220247)",1,32.67,secondary,4,56,35 mph,4,,auto,,
203,East University Drive,1088637808,153,76,1,"LINESTRING (-111.9266137 33.4220247, -111.9269657 33.42202)",1,32.67,secondary,4,56,35 mph,2,,auto,,
204,East University Drive,1088637809,153,154,1,"LINESTRING (-111.9266137 33.4220247, -111.9265195 33.4220268, -111.926407 33.4220275)",1,19.19,secondary,4,56,35 mph,4,,auto,,
205,East University Drive,1088637809,154,153,1,"LINESTRING (-111.926407 33.4220275, -111.9265195 33.4220268, -111.9266137 33.4220247)",1,19.19,secondary,4,56,35 mph,2,,auto,,
206,West 9th Street,1123081077,12,155,1,"LINESTRING (-111.938132 33.4205154, -111.9382189 33.4205145, -111.9383745 33.4205132, -111.9384389 33.4205124, -111.9385794 33.4205109, -111.93884 33.4205068)",1,65.72,residential,6,24,15 mph,1,,auto,,
207,West 9th Street,1123081077,155,12,1,"LINESTRING (-111.93884 33.4205068, -111.9385794 33.4205109, -111.9384389 33.4205124, -111.9383745 33.4205132, -111.9382189 33.4205145, -111.938132 33.4205154)",1,65.72,residential,6,24,15 mph,1,,auto,,
208,East Lemon Street,1123252014,5,148,1,"LINESTRING (-111.929412 33.4166399, -111.9292821 33.4166416, -111.9289961 33.4166414, -111.9287595 33.4166413, -111.9284508 33.4166395, -111.9279495 33.4166251, -111.9275795 33.4166248, -111.9274785 33.4166304, -111.9273827 33.4166406, -111.9272923 33.4166614, -111.9271948 33.4166901, -111.9271661 33.4167019)",1,209.74,residential,6,,,,,auto,,
209,East Lemon Street,1123252014,148,5,1,"LINESTRING (-111.9271661 33.4167019, -111.9271948 33.4166901, -111.9272923 33.4166614, -111.9273827 33.4166406, -111.9274785 33.4166304, -111.9275795 33.4166248, -111.9279495 33.4166251, -111.9284508 33.4166395, -111.9287595 33.4166413, -111.9289961 33.4166414, -111.9292821 33.4166416, -111.929412 33.4166399)",1,209.74,residential,6,,,,,auto,,
210,South Normal Avenue,1125465309,38,59,1,"LINESTRING (-111.933266 33.4160668, -111.9332661 33.416015, -111.9332721 33.415922, -111.9332636 33.4151942, -111.9332559 33.4151418, -111.9332413 33.4150997, -111.9332026 33.415052, -111.9331283 33.4150215, -111.9330784 33.4150093, -111.9329104 33.4150107, -111.9328729 33.4150034, -111.9328365 33.4149747, -111.9328196 33.4149251, -111.932811 33.414864, -111.932805 33.4147645)",1,174.18,residential,6,24,15 mph,,,auto,,
211,South Normal Avenue,1125465309,59,38,1,"LINESTRING (-111.932805 33.4147645, -111.932811 33.414864, -111.9328196 33.4149251, -111.9328365 33.4149747, -111.9328729 33.4150034, -111.9329104 33.4150107, -111.9330784 33.4150093, -111.9331283 33.4150215, -111.9332026 33.415052, -111.9332413 33.4150997, -111.9332559 33.4151418, -111.9332636 33.4151942, -111.9332721 33.415922, -111.9332661 33.416015, -111.933266 33.4160668)",1,174.18,residential,6,24,15 mph,,,auto,,
212,East Veterans Way,1143809358,119,24,1,"LINESTRING (-111.9304264 33.4231132, -111.9303207 33.4230963, -111.930164 33.4230713)",1,24.79,tertiary,5,48,30 mph,1,,auto,,
213,East 6th Street,1143809359,119,31,1,"LINESTRING (-111.9304264 33.4231132, -111.9304115 33.4231876)",1,8.39,residential,6,,,1,,auto,,
214,East 6th Street,1143809359,31,119,1,"LINESTRING (-111.9304115 33.4231876, -111.9304264 33.4231132)",1,8.39,residential,6,,,1,,auto,,
215,East Veterans Way,1143809360,24,31,1,"LINESTRING (-111.930164 33.4230713, -111.9303044 33.4231372, -111.9304115 33.4231876)",1,26.36,tertiary,5,48,30 mph,1,,auto,,
216,East 6th Street,1143809361,31,0,1,"LINESTRING (-111.9304115 33.4231876, -111.9304034 33.4232275, -111.9303912 33.4232883, -111.9303126 33.4236793)",1,55.44,residential,6,,,1,,auto,,
217,East 6th Street,1143809361,0,31,1,"LINESTRING (-111.9303126 33.4236793, -111.9303912 33.4232883, -111.9304034 33.4232275, -111.9304115 33.4231876)",1,55.44,residential,6,,,2,,auto,,
218,South Terrace Road,1143816166,58,156,1,"LINESTRING (-111.9263055 33.4199832, -111.9262647 33.4199778, -111.9262223 33.4199693, -111.9261791 33.4199575, -111.9261357 33.4199392, -111.9260964 33.4199161, -111.9260633 33.4198903, -111.9260255 33.4198564, -111.9259766 33.4198088, -111.9258666 33.4197037)",1,52.92,tertiary,5,40,25 mph,1,,auto,,
219,South Terrace Road,1143816167,156,22,1,"LINESTRING (-111.9258666 33.4197037, -111.9257447 33.4195971, -111.9254711 33.4193526)",1,53.59,tertiary,5,40,25 mph,2,,auto,,
