link_id,from_node_id,to_node_id,dir_flag,length,lanes,capacity,free_speed,link_type_name,link_type,geometry,macro_link_id,macro_node_id,movement_id,mvmt_txt_id,ctrl_type,allowed_uses
0,100,200,1,121.46,1,,,residential,6,"LINESTRING (-111.9302598 33.4237445, -111.9302529 33.4237672, -111.9302451 33.4237910, -111.9302339 33.4238158, -111.9302206 33.4238373, -111.9302048 33.4238576, -111.9301877 33.4238755, -111.9301657 33.4238925, -111.9301414 33.4239084, -111.9301156 33.4239216, -111.9300881 33.4239337, -111.9300595 33.4239453, -111.9299124 33.4239971, -111.9292344 33.4242207, -111.9291488 33.4242455)",1,,,,,auto
1,201,101,1,128.86,1,,,residential,6,"LINESTRING (-111.9291734 33.4243052, -111.9292604 33.4242799, -111.9299408 33.4240555, -111.9300905 33.4240029, -111.9301219 33.4239901, -111.9301528 33.4239766, -111.9301844 33.4239604, -111.9302145 33.4239407, -111.9302429 33.4239187, -111.9302658 33.4238946, -111.9302856 33.4238691, -111.9303027 33.4238416, -111.9303167 33.4238106, -111.9303257 33.4237834, -111.9303340 33.4237560)",2,,,,,auto
2,300,400,1,79.22,1,,40,residential,6,"LINESTRING (-111.9241906 33.4118653, -111.9237974 33.4118630, -111.9236324 33.4118620, -111.9233386 33.4118603)",3,,,,,auto
3,401,301,1,79.22,1,,40,residential,6,"LINESTRING (-111.9233381 33.4119235, -111.9236318 33.4119252, -111.9237968 33.4119262, -111.9241901 33.4119285)",4,,,,,auto
4,500,600,1,152.08,1,,40,tertiary,5,"LINESTRING (-111.9288899 33.4179822, -111.9288897 33.4177476, -111.9288946 33.4176481, -111.9289122 33.4175298, -111.9289297 33.4174483, -111.9289465 33.4173844, -111.9289874 33.4172785, -111.9290456 33.4171539, -111.9290991 33.4170614, -111.9291946 33.4169237, -111.9292934 33.4168058, -111.9293850 33.4167153)",5,,,,,auto
5,601,501,1,157.01,1,,40,tertiary,5,"LINESTRING (-111.9293276 33.4166745, -111.9292338 33.4167672, -111.9291312 33.4168897, -111.9290325 33.4170318, -111.9289766 33.4171285, -111.9289164 33.4172573, -111.9288737 33.4173678, -111.9288559 33.4174359, -111.9288378 33.4175202, -111.9288196 33.4176429, -111.9288145 33.4177464, -111.9288146 33.4179823)",6,,,,,auto
6,202,700,1,469.33,1,,,unclassified,15,"LINESTRING (-111.9290782 33.4243776, -111.9290875 33.4243964, -111.9291550 33.4245553, -111.9291834 33.4246538, -111.9291993 33.4247329, -111.9292064 33.4248084, -111.9292130 33.4248970, -111.9292167 33.4249546, -111.9292188 33.4252979, -111.9292212 33.4256479, -111.9292237 33.4260087, -111.9292245 33.4261153, -111.9292251 33.4261521, -111.9292356 33.4267331, -111.9292464 33.4273264, -111.9292517 33.4279807, -111.9292680 33.4285503, -111.9292681 33.4285948)",7,,,,,auto
7,701,203,1,472.07,1,,,unclassified,15,"LINESTRING (-111.9293434 33.4285946, -111.9293432 33.4285495, -111.9293269 33.4279797, -111.9293216 33.4273258, -111.9293108 33.4267321, -111.9293003 33.4261511, -111.9292997 33.4261147, -111.9292989 33.4260083, -111.9292964 33.4256475, -111.9292940 33.4252975, -111.9292919 33.4249528, -111.9292882 33.4248934, -111.9292816 33.4248040, -111.9292741 33.4247251, -111.9292572 33.4246412, -111.9292272 33.4245373, -111.9291577 33.4243736, -111.9291477 33.4243534)",8,,,,,auto
8,800,900,1,124.96,1,,24,residential,6,"LINESTRING (-111.9366667 33.4174040, -111.9366659 33.4173861, -111.9366655 33.4173589, -111.9366536 33.4164389, -111.9366529 33.4163183, -111.9366532 33.4162770)",9,,,,,auto
9,901,801,1,125.18,1,,24,residential,6,"LINESTRING (-111.9365779 33.4162774, -111.9365777 33.4163183, -111.9365784 33.4164393, -111.9365903 33.4173597, -111.9365907 33.4173877, -111.9365915 33.4174064)",10,,,,,auto
10,902,1000,1,146.18,1,,24,residential,6,"LINESTRING (-111.9366503 33.4161320, -111.9366497 33.4161004, -111.9366436 33.4154176, -111.9366404 33.4150951, -111.9366389 33.4149432, -111.9366353 33.4148135)",11,,,,,auto
11,1001,903,1,146.47,1,,24,residential,6,"LINESTRING (-111.9365600 33.4148127, -111.9365637 33.4149442, -111.9365652 33.4150957, -111.9365684 33.4154181, -111.9365745 33.4161010, -111.9365750 33.4161338)",12,,,,,auto
12,1100,1200,1,143.49,1,,24,residential,6,"LINESTRING (-111.9382244 33.4191086, -111.9385252 33.4191060, -111.9394788 33.4190984, -111.9397677 33.4190982)",13,,,,,auto
13,1201,1101,1,144.75,1,,24,residential,6,"LINESTRING (-111.9397668 33.4190350, -111.9394784 33.4190352, -111.9385244 33.4190428, -111.9382100 33.4190456)",14,,,,,auto
14,1300,1400,1,137.33,1,,24,residential,6,"LINESTRING (-111.9381864 33.4218258, -111.9381786 33.4212154, -111.9381706 33.4205872)",15,,,,,auto
15,1401,1301,1,137.42,1,,24,residential,6,"LINESTRING (-111.9380953 33.4205879, -111.9381034 33.4212160, -111.9381112 33.4218273)",16,,,,,auto
16,1402,1102,1,141.76,1,,24,residential,6,"LINESTRING (-111.9381676 33.4204425, -111.9381634 33.4202956, -111.9381624 33.4202234, -111.9381602 33.4201014, -111.9381587 33.4199623, -111.9381548 33.4196843, -111.9381588 33.4191640)",17,,,,,auto
17,1103,1403,1,143.25,1,,24,residential,6,"LINESTRING (-111.9380836 33.4191520, -111.9380796 33.4196845, -111.9380835 33.4199629, -111.9380850 33.4201022, -111.9380872 33.4202242, -111.9380882 33.4202968, -111.9380923 33.4204440)",18,,,,,auto
18,1500,1600,1,82.94,1,,24,residential,6,"LINESTRING (-111.9288474 33.4202277, -111.9288117 33.4202276, -111.9287736 33.4202281, -111.9281085 33.4202372, -111.9280206 33.4202382, -111.9279554 33.4202388)",19,,,,,auto
19,1601,1501,1,80.74,1,,24,residential,6,"LINESTRING (-111.9279789 33.4203017, -111.9280214 33.4203014, -111.9281097 33.4203004, -111.9287748 33.4202913, -111.9288123 33.4202908, -111.9288473 33.4202908)",20,,,,,auto
20,1700,1800,1,51.27,1,,24,residential,6,"LINESTRING (-111.9392401 33.4205275, -111.9397035 33.4205261, -111.9397915 33.4205244)",21,,,,,auto
21,1801,1701,1,51.43,1,,24,residential,6,"LINESTRING (-111.9397895 33.4204613, -111.9397025 33.4204629, -111.9392363 33.4204643)",22,,,,,auto
22,1900,2000,1,221.5,1,,24,residential,6,"LINESTRING (-111.9313137 33.4183366, -111.9312424 33.4183378, -111.9311534 33.4183452, -111.9310710 33.4183678, -111.9310280 33.4183773, -111.9309944 33.4183798, -111.9307748 33.4183815, -111.9302047 33.4183858, -111.9300755 33.4183876, -111.9289527 33.4184021, -111.9289379 33.4184027)",23,,,,,auto
23,2001,1901,1,221.31,1,,24,residential,6,"LINESTRING (-111.9289413 33.4184658, -111.9289549 33.4184653, -111.9300767 33.4184508, -111.9302057 33.4184490, -111.9307754 33.4184447, -111.9309982 33.4184430, -111.9310410 33.4184397, -111.9310922 33.4184284, -111.9311690 33.4184074, -111.9312468 33.4184008, -111.9313151 33.4183997)",24,,,,,auto
24,14400,2200,1,335.33,1,,40,residential,6,"LINESTRING (-111.9307031 33.4145937, -111.9307032 33.4140932, -111.9306950 33.4139680, -111.9306822 33.4138871, -111.9306619 33.4137941, -111.9306154 33.4136278, -111.9305982 33.4135099, -111.9305882 33.4115770)",25,,,,,auto
25,2201,14401,1,333.78,1,,40,residential,6,"LINESTRING (-111.9305129 33.4115906, -111.9305230 33.4135139, -111.9305412 33.4136388, -111.9305881 33.4138071, -111.9306078 33.4138969, -111.9306200 33.4139740, -111.9306280 33.4140950, -111.9306279 33.4145934)",26,,,,,auto
26,2300,2400,1,381.66,1,,40,tertiary,5,"LINESTRING (-111.9254108 33.4193012, -111.9253447 33.4192532, -111.9252716 33.4192008, -111.9252093 33.4191578, -111.9251687 33.4191286, -111.9251297 33.4190964, -111.9243576 33.4184057, -111.9239244 33.4180230, -111.9232758 33.4174484, -111.9229534 33.4171591, -111.9227895 33.4170116, -111.9226256 33.4168589, -111.9225766 33.4168131)",27,,,,,auto
27,2500,2600,1,55.49,1,,48,tertiary,5,"LINESTRING (-111.9300983 33.4230150, -111.9300847 33.4230104, -111.9300038 33.4229797, -111.9299211 33.4229426, -111.9298387 33.4229025, -111.9297569 33.4228607, -111.9296578 33.4228073, -111.9295824 33.4227650)",28,,,,,auto
28,2601,2501,1,56.92,1,,48,tertiary,5,"LINESTRING (-111.9295405 33.4228175, -111.9296166 33.4228601, -111.9297169 33.4229143, -111.9298003 33.4229567, -111.9298845 33.4229978, -111.9299704 33.4230363, -111.9300551 33.4230684, -111.9300701 33.4230735)",29,,,,,auto
29,2700,2800,1,103.81,1,,48,tertiary,5,"LINESTRING (-111.9348664 33.4253765, -111.9347526 33.4253235, -111.9346612 33.4252835, -111.9345644 33.4252434, -111.9344860 33.4252146, -111.9344008 33.4251844, -111.9338486 33.4249933)",30,,,,,auto
30,2801,2900,1,288.36,1,,48,tertiary,5,"LINESTRING (-111.9336891 33.4249389, -111.9336623 33.4249299, -111.9334908 33.4248691, -111.9333825 33.4248299, -111.9332692 33.4247847, -111.9331564 33.4247344, -111.9330504 33.4246818, -111.9329336 33.4246196, -111.9328259 33.4245542, -111.9327186 33.4244845, -111.9326075 33.4244052, -111.9325074 33.4243280, -111.9324186 33.4242553, -111.9323330 33.4241844, -111.9321121 33.4240022, -111.9315938 33.4235729, -111.9315397 33.4235322, -111.9314818 33.4234889, -111.9314285 33.4234518, -111.9313747 33.4234182, -111.9313148 33.4233843, -111.9312630 33.4233562)",31,,,,,auto
31,3000,3100,1,188.88,1,,48,tertiary,5,"LINESTRING (-111.9304905 33.4232163, -111.9305238 33.4232284, -111.9305852 33.4232520, -111.9309416 33.4233814, -111.9310075 33.4234055, -111.9310718 33.4234297, -111.9311394 33.4234601, -111.9311950 33.4234873, -111.9312556 33.4235200, -111.9313179 33.4235570, -111.9313760 33.4235943, -111.9314329 33.4236353, -111.9314836 33.4236757, -111.9315441 33.4237240, -111.9320002 33.4241036, -111.9321163 33.4241999)",32,,,,,auto
32,3101,3200,1,130.65,1,,48,tertiary,5,"LINESTRING (-111.9322391 33.4243010, -111.9324299 33.4244573, -111.9325371 33.4245376, -111.9326362 33.4246071, -111.9327387 33.4246713, -111.9328519 33.4247394, -111.9329461 33.4247899, -111.9330344 33.4248333, -111.9331259 33.4248769, -111.9332320 33.4249219, -111.9333465 33.4249665, -111.9333774 33.4249781)",33,,,,,auto
33,3201,3300,1,34.69,1,,48,tertiary,5,"LINESTRING (-111.9335351 33.4250357, -111.9336012 33.4250592, -111.9337013 33.4250972, -111.9337914 33.4251323, -111.9338643 33.4251601, -111.9338751 33.4251647)",34,,,,,auto
34,3400,3500,1,185.54,1,,40,residential,6,"LINESTRING (-111.9228588 33.4220985, -111.9228589 33.4221320, -111.9228592 33.4224269, -111.9228595 33.4227260, -111.9228599 33.4230536, -111.9228605 33.4236508, -111.9228633 33.4237720)",35,,,,,auto
35,3501,3401,1,185.41,1,,40,residential,6,"LINESTRING (-111.9229386 33.4237707, -111.9229357 33.4236502, -111.9229351 33.4230536, -111.9229347 33.4227260, -111.9229344 33.4224269, -111.9229341 33.4221320, -111.9229341 33.4220984)",36,,,,,auto
36,3600,3700,1,268.02,1,,24,residential,6,"LINESTRING (-111.9367579 33.4176467, -111.9367603 33.4176472, -111.9367844 33.4176481, -111.9372473 33.4176456, -111.9376553 33.4176415, -111.9380863 33.4176374, -111.9381405 33.4176359, -111.9382212 33.4176353, -111.9390243 33.4176262, -111.9396403 33.4176196)",37,,,,,auto
37,904,3800,1,139.93,1,,24,residential,6,"LINESTRING (-111.9365323 33.4161677, -111.9365088 33.4161661, -111.9364716 33.4161655, -111.9364039 33.4161636, -111.9363439 33.4161585, -111.9362940 33.4161491, -111.9362538 33.4161409, -111.9361882 33.4161224, -111.9360598 33.4160876, -111.9359823 33.4160769, -111.9359123 33.4160743, -111.9352438 33.4160791, -111.9350414 33.4160810)",38,,,,,auto
38,3801,905,1,139.31,1,,24,residential,6,"LINESTRING (-111.9350419 33.4161442, -111.9352446 33.4161423, -111.9359109 33.4161375, -111.9359745 33.4161399, -111.9360420 33.4161492, -111.9361646 33.4161824, -111.9362330 33.4162017, -111.9362768 33.4162105, -111.9363317 33.4162209, -111.9363989 33.4162266, -111.9364696 33.4162287, -111.9365052 33.4162291, -111.9365262 33.4162306)",39,,,,,auto
39,3802,3900,1,139.8,1,,24,residential,6,"LINESTRING (-111.9348698 33.4160811, -111.9348473 33.4160809, -111.9341507 33.4160832, -111.9338435 33.4160858, -111.9334733 33.4160892, -111.9334014 33.4160893, -111.9333820 33.4160892, -111.9333663 33.4160879)",40,,,,,auto
40,3901,3803,1,147.57,1,,24,residential,6,"LINESTRING (-111.9332844 33.4161371, -111.9332845 33.4161372, -111.9333299 33.4161483, -111.9333780 33.4161524, -111.9334012 33.4161525, -111.9334737 33.4161524, -111.9338443 33.4161490, -111.9341513 33.4161464, -111.9348471 33.4161441, -111.9348693 33.4161442)",41,,,,,auto
41,4000,4100,1,606.99,1,,,unclassified,15,"LINESTRING (-111.9211211 33.4294333, -111.9211211 33.4295017, -111.9211139 33.4297393, -111.9211094 33.4297941, -111.9211036 33.4298223, -111.9210948 33.4298516, -111.9210797 33.4298899, -111.9210571 33.4299336, -111.9210318 33.4299717, -111.9210125 33.4299941, -111.9209929 33.4300144, -111.9209771 33.4300295, -111.9209524 33.4300492, -111.9209352 33.4300622, -111.9209093 33.4300798, -111.9208875 33.4300936, -111.9208593 33.4301090, -111.9208326 33.4301218, -111.9207863 33.4301392, -111.9207547 33.4301487, -111.9207004 33.4301609, -111.9206461 33.4301690, -111.9205914 33.4301718, -111.9205376 33.4301696, -111.9203121 33.4301380, -111.9200810 33.4301158, -111.9198494 33.4301070, -111.9196258 33.4301104, -111.9193326 33.4301319, -111.9190445 33.4301718, -111.9187729 33.4302280, -111.9185337 33.4302953, -111.9182068 33.4304053, -111.9180322 33.4304863, -111.9179177 33.4305394, -111.9176933 33.4306646, -111.9174776 33.4308027, -111.9172925 33.4309287, -111.9171436 33.4310622, -111.9169976 33.4311986, -111.9168309 33.4313811, -111.9167187 33.4315238, -111.9166796 33.4315632, -111.9166609 33.4315780, -111.9166432 33.4315898, -111.9166158 33.4316038, -111.9165911 33.4316120, -111.9165542 33.4316214, -111.9165161 33.4316260, -111.9164758 33.4316263, -111.9164573 33.4316247, -111.9164429 33.4316223, -111.9164262 33.4316189, -111.9164089 33.4316140, -111.9163885 33.4316071, -111.9163569 33.4315914, -111.9162568 33.4315423, -111.9160161 33.4314101, -111.9159627 33.4313736)",42,,,,,auto
42,4101,4001,1,622.78,1,,,unclassified,15,"LINESTRING (-111.9159151 33.4314226, -111.9159717 33.4314611, -111.9162172 33.4315959, -111.9163187 33.4316458, -111.9163551 33.4316639, -111.9163829 33.4316732, -111.9164052 33.4316795, -111.9164267 33.4316839, -111.9164459 33.4316871, -111.9164722 33.4316895, -111.9165219 33.4316892, -111.9165708 33.4316832, -111.9166159 33.4316716, -111.9166494 33.4316606, -111.9166864 33.4316416, -111.9167103 33.4316258, -111.9167346 33.4316064, -111.9167793 33.4315614, -111.9168923 33.4314177, -111.9170556 33.4312390, -111.9171992 33.4311048, -111.9173439 33.4309749, -111.9175242 33.4308523, -111.9177371 33.4307160, -111.9179569 33.4305934, -111.9180686 33.4305415, -111.9182392 33.4304625, -111.9185597 33.4303545, -111.9187939 33.4302886, -111.9190597 33.4302336, -111.9193420 33.4301945, -111.9196298 33.4301734, -111.9198484 33.4301702, -111.9200750 33.4301788, -111.9203017 33.4302006, -111.9205296 33.4302324, -111.9205918 33.4302350, -111.9206551 33.4302318, -111.9207168 33.4302225, -111.9207771 33.4302091, -111.9208145 33.4301978, -111.9208668 33.4301782, -111.9208985 33.4301629, -111.9209307 33.4301454, -111.9209557 33.4301296, -111.9209842 33.4301102, -111.9210036 33.4300956, -111.9210315 33.4300733, -111.9210505 33.4300552, -111.9210725 33.4300325, -111.9210954 33.4300055, -111.9211247 33.4299616, -111.9211501 33.4299125, -111.9211672 33.4298692, -111.9211774 33.4298353, -111.9211842 33.4298015, -111.9211891 33.4297423, -111.9211965 33.4295025, -111.9211965 33.4294333)",43,,,,,auto
43,4200,4300,1,134.92,1,,,unclassified,15,"LINESTRING (-111.9172913 33.4293950, -111.9172817 33.4294501, -111.9172725 33.4294695, -111.9171950 33.4295100, -111.9171603 33.4295399, -111.9165313 33.4304154)",44,,,,,auto
44,4301,4201,1,137.85,1,,,unclassified,15,"LINESTRING (-111.9165958 33.4304480, -111.9172203 33.4295787, -111.9172426 33.4295596, -111.9173335 33.4295121, -111.9173549 33.4294665, -111.9173658 33.4294041)",45,,,,,auto
45,4302,4102,1,96.1,1,,,unclassified,15,"LINESTRING (-111.9164420 33.4305385, -111.9159016 33.4312774)",46,,,,,auto
46,4103,4303,1,97.46,1,,,unclassified,15,"LINESTRING (-111.9159580 33.4313208, -111.9159584 33.4313205, -111.9165062 33.4305715)",47,,,,,auto
47,4104,4400,1,130.41,1,,,unclassified,15,"LINESTRING (-111.9157797 33.4313670, -111.9157546 33.4313813, -111.9147412 33.4321574)",48,,,,,auto
48,4401,4105,1,125.74,1,,,unclassified,15,"LINESTRING (-111.9148211 33.4321818, -111.9158014 33.4314309, -111.9158220 33.4314192)",49,,,,,auto
49,14500,4600,1,319.44,3,,56,primary,3,"LINESTRING (-111.9262234 33.4246274, -111.9262174 33.4268401, -111.9262149 33.4275086)",50,,,,,auto
50,4701,4800,1,14.54,4,,56,primary,3,"LINESTRING (-111.9263865 33.4240154, -111.9263882 33.4238843)",51,,,,,auto
51,4800,4900,1,44.14,4,,56,primary,3,"LINESTRING (-111.9263882 33.4238843, -111.9263839 33.4234862)",52,,,,,auto
52,4800,5000,1,57.48,1,,,primary,3,"LINESTRING (-111.9263882 33.4238843, -111.9263051 33.4237541, -111.9263051 33.4234101, -111.9262931 33.4233852)",53,,,,,auto
53,5001,5100,1,15.61,1,,,primary,3,"LINESTRING (-111.9261426 33.4233396, -111.9261044 33.4233397, -111.9259747 33.4233399)",54,,,,,auto
54,5201,5300,1,288.71,2,,56,secondary,4,"LINESTRING (-111.9307609 33.4220419, -111.9332209 33.4220178, -111.9338662 33.4220131)",55,,,,,auto
55,5400,5500,1,16.82,4,,56,primary,3,"LINESTRING (-111.9262070 33.4196882, -111.9262093 33.4198399)",56,,,,,auto
56,5501,5401,1,20.82,3,,56,primary,3,"LINESTRING (-111.9263789 33.4198562, -111.9263762 33.4196684)",57,,,,,auto
57,5600,5700,1,119.21,2,,56,primary,3,"LINESTRING (-111.9329341 33.4147638, -111.9334870 33.4147609, -111.9342162 33.4147571)",58,,,,,auto
58,3804,5800,1,59.19,1,,24,tertiary,5,"LINESTRING (-111.9349555 33.4160409, -111.9349560 33.4159047, -111.9349579 33.4156778, -111.9349567 33.4155071)",59,,,,,auto
59,5901,14402,1,58.44,3,,56,primary,3,"LINESTRING (-111.9314441 33.4146608, -111.9308155 33.4146635)",60,,,,,auto
60,6001,14403,1,46.24,3,,56,primary,3,"LINESTRING (-111.9300138 33.4147941, -111.9305111 33.4147880)",61,,,,,auto
61,6201,6300,1,55.65,2,,56,primary,3,"LINESTRING (-111.9335216 33.4146455, -111.9329616 33.4146434, -111.9329230 33.4146440)",62,,,,,auto
62,14404,6400,1,132.58,2,,56,primary,3,"LINESTRING (-111.9307908 33.4147857, -111.9307998 33.4147857, -111.9311430 33.4147838, -111.9322166 33.4147716)",63,,,,,auto
63,5700,6500,1,55.06,3,,56,primary,3,"LINESTRING (-111.9342162 33.4147571, -111.9348084 33.4147536)",64,,,,,auto
64,6400,5601,1,40.71,3,,56,primary,3,"LINESTRING (-111.9322166 33.4147716, -111.9326544 33.4147662)",65,,,,,auto
65,6301,5901,1,113.52,2,,56,primary,3,"LINESTRING (-111.9326649 33.4146472, -111.9314441 33.4146608)",66,,,,,auto
66,6601,6700,1,152.97,2,,56,primary,3,"LINESTRING (-111.9291461 33.4146674, -111.9285601 33.4146783, -111.9275010 33.4146860)",67,,,,,auto
67,6800,6900,1,3.03,4,,56,secondary,4,"LINESTRING (-111.9272995 33.4219366, -111.9272669 33.4219371)",68,,,,,auto
68,6901,6801,1,3.03,2,,56,secondary,4,"LINESTRING (-111.9272692 33.4220633, -111.9273018 33.4220629)",69,,,,,auto
69,7000,7100,1,33.05,3,,56,secondary,4,"LINESTRING (-111.9294471 33.4219530, -111.9290916 33.4219562)",70,,,,,auto
70,7101,7001,1,37.19,2,,56,secondary,4,"LINESTRING (-111.9290700 33.4220669, -111.9290747 33.4220669, -111.9294700 33.4220633)",71,,,,,auto
71,7102,7200,1,9.3,2,,56,secondary,4,"LINESTRING (-111.9288128 33.4219703, -111.9287929 33.4219701, -111.9287128 33.4219690)",72,,,,,auto
72,7201,7103,1,5.29,3,,56,secondary,4,"LINESTRING (-111.9287323 33.4220798, -111.9287892 33.4220805)",73,,,,,auto
73,6902,7300,1,4.14,4,,56,secondary,4,"LINESTRING (-111.9270948 33.4219393, -111.9270502 33.4219399)",74,,,,,auto
74,7301,6903,1,4.14,2,,56,secondary,4,"LINESTRING (-111.9270526 33.4220662, -111.9270972 33.4220656)",75,,,,,auto
75,7400,7500,1,48.95,2,,56,secondary,4,"LINESTRING (-111.9277894 33.4220513, -111.9277984 33.4220541, -111.9283152 33.4220456)",76,,,,,auto
76,7600,7700,1,718.52,2,,64,secondary,4,"LINESTRING (-111.9177969 33.4292116, -111.9176227 33.4292090, -111.9173500 33.4292104, -111.9166739 33.4292158, -111.9155091 33.4292051, -111.9151839 33.4292060, -111.9147350 33.4292258, -111.9142444 33.4292611, -111.9139649 33.4292761, -111.9136544 33.4292795, -111.9133673 33.4292745, -111.9130012 33.4292583, -111.9126820 33.4292364, -111.9126373 33.4292316, -111.9121478 33.4291744, -111.9114430 33.4290917, -111.9108015 33.4290669, -111.9101512 33.4290776, -111.9100857 33.4290843)",77,,,,,auto
77,7800,4202,1,414.05,2,,,secondary,4,"LINESTRING (-111.9127622 33.4293469, -111.9129939 33.4293644, -111.9133878 33.4293800, -111.9136705 33.4293825, -111.9139727 33.4293766, -111.9142579 33.4293657, -111.9147312 33.4293327, -111.9151930 33.4293106, -111.9155172 33.4293081, -111.9166826 33.4293204, -111.9172119 33.4293267)",78,,,,,auto
78,4203,7900,1,5.02,2,,,secondary,4,"LINESTRING (-111.9173625 33.4293287, -111.9174165 33.4293300)",79,,,,,auto
79,8000,8100,1,191.89,3,,56,primary,3,"LINESTRING (-111.9262134 33.4106396, -111.9262143 33.4108454, -111.9262140 33.4109526, -111.9262144 33.4110864, -111.9262147 33.4111849, -111.9262181 33.4123000, -111.9262183 33.4123704)",80,,,,,auto
80,8101,8001,1,191.88,3,,56,primary,3,"LINESTRING (-111.9263689 33.4123698, -111.9263687 33.4122996, -111.9263653 33.4111845, -111.9263650 33.4110860, -111.9263646 33.4109526, -111.9263649 33.4108454, -111.9263640 33.4106391)",81,,,,,auto
81,8200,8300,1,13.5,3,,56,primary,3,"LINESTRING (-111.9262201 33.4184421, -111.9262192 33.4185638)",82,,,,,auto
82,8301,8201,1,13.5,3,,56,primary,3,"LINESTRING (-111.9263698 33.4185645, -111.9263707 33.4184428)",83,,,,,auto
83,8400,8500,1,76.27,3,,56,primary,3,"LINESTRING (-111.9263220 33.4281957, -111.9263666 33.4280550, -111.9263688 33.4275126)",84,,,,,auto
84,8302,8600,1,29.3,4,,56,primary,3,"LINESTRING (-111.9262018 33.4187272, -111.9262044 33.4189915)",85,,,,,auto
85,8601,8303,1,33.78,3,,56,primary,3,"LINESTRING (-111.9263741 33.4190126, -111.9263710 33.4187080)",86,,,,,auto
86,8700,8800,1,2.36,3,,56,primary,3,"LINESTRING (-111.9262235 33.4202409, -111.9262229 33.4202622)",87,,,,,auto
87,8801,8701,1,2.36,3,,56,primary,3,"LINESTRING (-111.9263734 33.4202651, -111.9263740 33.4202438)",88,,,,,auto
88,8401,8900,1,11.76,6,,56,primary,3,"LINESTRING (-111.9261510 33.4284978, -111.9261507 33.4286039)",89,,,,,auto
89,8901,8402,1,23.75,3,,56,primary,3,"LINESTRING (-111.9263576 33.4286583, -111.9263582 33.4284441)",90,,,,,auto
90,8602,5402,1,16.87,3,,56,primary,3,"LINESTRING (-111.9262228 33.4192646, -111.9262233 33.4194168)",91,,,,,auto
91,5403,8603,1,17.03,3,,56,primary,3,"LINESTRING (-111.9263739 33.4194165, -111.9263734 33.4192634, -111.9263734 33.4192628)",92,,,,,auto
92,9000,9100,1,27.78,4,,56,primary,3,"LINESTRING (-111.9263892 33.4207460, -111.9263890 33.4207332, -111.9263871 33.4206018, -111.9263510 33.4204998)",93,,,,,auto
93,9201,14501,1,17.46,4,,56,primary,3,"LINESTRING (-111.9262248 33.4241993, -111.9262242 33.4243568)",94,,,,,auto
94,9301,14502,1,39.69,4,,56,primary,3,"LINESTRING (-111.9263790 33.4250070, -111.9263805 33.4246490)",95,,,,,auto
95,9500,8202,1,69.94,3,,56,primary,3,"LINESTRING (-111.9262237 33.4176669, -111.9262237 33.4177871, -111.9262242 33.4180204, -111.9262220 33.4181949, -111.9262212 33.4182977)",96,,,,,auto
96,8203,9501,1,69.9,3,,56,primary,3,"LINESTRING (-111.9263718 33.4182985, -111.9263726 33.4181959, -111.9263748 33.4180210, -111.9263743 33.4177869, -111.9263743 33.4176681)",97,,,,,auto
97,9101,9600,1,61.33,3,,56,primary,3,"LINESTRING (-111.9262658 33.4204841, -111.9262331 33.4205950, -111.9262379 33.4209763, -111.9262381 33.4210339)",98,,,,,auto
98,7104,9700,1,31.69,1,,40,tertiary,5,"LINESTRING (-111.9289736 33.4219455, -111.9289704 33.4218979, -111.9289732 33.4216598)",99,,,,,auto
99,9701,7105,1,20.4,3,,40,tertiary,5,"LINESTRING (-111.9288596 33.4217129, -111.9288574 33.4218969)",100,,,,,auto
100,8802,9102,1,6.22,3,,56,primary,3,"LINESTRING (-111.9262235 33.4202897, -111.9262259 33.4203457)",101,,,,,auto
101,9103,8803,1,6.22,3,,56,primary,3,"LINESTRING (-111.9263764 33.4203412, -111.9263740 33.4202852)",102,,,,,auto
102,14405,9800,1,112.85,2,,56,primary,3,"LINESTRING (-111.9305359 33.4146668, -111.9304957 33.4146672, -111.9303710 33.4146669, -111.9298286 33.4146655, -111.9293222 33.4146669)",103,,,,,auto
103,9801,6601,1,2.9,2,,56,primary,3,"LINESTRING (-111.9291773 33.4146673, -111.9291461 33.4146674)",104,,,,,auto
104,9901,6001,1,80.7,2,,56,primary,3,"LINESTRING (-111.9291459 33.4148012, -111.9300138 33.4147941)",105,,,,,auto
105,8500,9301,1,277.79,3,,56,primary,3,"LINESTRING (-111.9263688 33.4275126, -111.9263790 33.4250070)",106,,,,,auto
106,4600,8403,1,76.41,3,,56,primary,3,"LINESTRING (-111.9262149 33.4275086, -111.9262129 33.4280488, -111.9262510 33.4281943)",107,,,,,auto
107,5002,9201,1,81.34,3,,56,primary,3,"LINESTRING (-111.9262276 33.4234657, -111.9262251 33.4237605, -111.9262248 33.4241993)",108,,,,,auto
108,10000,10100,1,125.17,2,,56,primary,3,"LINESTRING (-111.9275237 33.4148135, -111.9285674 33.4148071, -111.9288699 33.4148040)",109,,,,,auto
109,10101,9901,1,2.9,2,,56,primary,3,"LINESTRING (-111.9291147 33.4148015, -111.9291459 33.4148012)",110,,,,,auto
110,7002,10200,1,79.36,2,,56,secondary,4,"LINESTRING (-111.9297218 33.4220468, -111.9297409 33.4220518, -111.9305745 33.4220437)",111,,,,,auto
111,10201,5201,1,2.9,2,,56,secondary,4,"LINESTRING (-111.9307297 33.4220422, -111.9307609 33.4220419)",112,,,,,auto
112,10301,6501,1,23.52,2,,24,tertiary,5,"LINESTRING (-111.9349577 33.4150732, -111.9349565 33.4148611)",113,,,,,auto
113,10400,10500,1,102.54,2,,56,primary,3,"LINESTRING (-111.9348260 33.4146183, -111.9346669 33.4146211, -111.9342960 33.4146294, -111.9338144 33.4146435, -111.9337236 33.4146441)",114,,,,,auto
114,10500,6201,1,18.78,2,,56,primary,3,"LINESTRING (-111.9337236 33.4146441, -111.9335216 33.4146455)",115,,,,,auto
115,5800,10301,1,48.11,2,,24,tertiary,5,"LINESTRING (-111.9349567 33.4155071, -111.9349577 33.4150732)",116,,,,,auto
116,10601,8804,1,96.3,2,,40,tertiary,5,"LINESTRING (-111.9254776 33.4195795, -111.9260777 33.4201190, -111.9261112 33.4201470, -111.9261426 33.4201705, -111.9261775 33.4201966, -111.9261925 33.4202075)",117,,,,,auto
117,14406,10700,1,41.95,2,,40,tertiary,5,"LINESTRING (-111.9306129 33.4148855, -111.9306049 33.4150435, -111.9305912 33.4151961, -111.9305747 33.4152619)",120,,,,,auto
118,10700,10800,1,65.56,1,,40,tertiary,5,"LINESTRING (-111.9305747 33.4152619, -111.9305319 33.4153831, -111.9304791 33.4154969, -111.9304001 33.4156225, -111.9303114 33.4157244, -111.9302518 33.4157799)",121,,,,,auto
119,10801,602,1,99.75,1,,40,tertiary,5,"LINESTRING (-111.9301383 33.4158883, -111.9301100 33.4159179, -111.9294542 33.4165531, -111.9294445 33.4165731)",122,,,,,auto
120,2002,502,1,26.51,1,,40,tertiary,5,"LINESTRING (-111.9288917 33.4183655, -111.9288918 33.4183454, -111.9288904 33.4181264)",123,,,,,auto
121,503,2003,1,18.42,2,,40,tertiary,5,"LINESTRING (-111.9287965 33.4181629, -111.9287976 33.4183290)",124,,,,,auto
122,10900,2004,1,111.45,1,,40,tertiary,5,"LINESTRING (-111.9289160 33.4195141, -111.9289134 33.4193993, -111.9289092 33.4192141, -111.9289056 33.4190481, -111.9288933 33.4185315, -111.9288928 33.4185091)",125,,,,,auto
123,2005,10901,1,111.46,1,,40,tertiary,5,"LINESTRING (-111.9288176 33.4185102, -111.9288181 33.4185327, -111.9288304 33.4190493, -111.9288340 33.4192153, -111.9288382 33.4194005, -111.9288407 33.4195154)",126,,,,,auto
124,11000,10902,1,35.24,1,,40,tertiary,5,"LINESTRING (-111.9289414 33.4199752, -111.9289412 33.4199727, -111.9289216 33.4196686, -111.9289211 33.4196578)",127,,,,,auto
125,10903,11001,1,35.44,1,,40,tertiary,5,"LINESTRING (-111.9288459 33.4196602, -111.9288464 33.4196716, -111.9288660 33.4199765, -111.9288663 33.4199794)",128,,,,,auto
126,1502,11002,1,7.28,1,,40,tertiary,5,"LINESTRING (-111.9289613 33.4201841, -111.9289587 33.4201647, -111.9289542 33.4201187)",129,,,,,auto
127,11003,1503,1,7.55,2,,40,tertiary,5,"LINESTRING (-111.9288604 33.4201251, -111.9288650 33.4201723, -111.9288677 33.4201929)",130,,,,,auto
128,11100,1504,1,44.47,2,,40,tertiary,5,"LINESTRING (-111.9290204 33.4207625, -111.9290206 33.4206885, -111.9290196 33.4206311, -111.9290101 33.4204793, -111.9290021 33.4203617)",131,,,,,auto
129,1505,11101,1,51.48,1,,40,tertiary,5,"LINESTRING (-111.9289055 33.4203345, -111.9289065 33.4203421, -111.9289161 33.4204836, -111.9289256 33.4206337, -111.9289265 33.4206890, -111.9289262 33.4207983)",132,,,,,auto
130,9702,11200,1,26.63,1,,40,tertiary,5,"LINESTRING (-111.9289748 33.4215154, -111.9289760 33.4213944, -111.9289842 33.4212754)",133,,,,,auto
131,11201,9703,1,26.97,1,,40,tertiary,5,"LINESTRING (-111.9289090 33.4212718, -111.9289008 33.4213924, -111.9288995 33.4215149)",134,,,,,auto
132,2602,11300,1,5.26,2,,48,tertiary,5,"LINESTRING (-111.9294516 33.4226711, -111.9294052 33.4226439)",135,,,,,auto
133,11301,2603,1,5.26,1,,48,tertiary,5,"LINESTRING (-111.9293513 33.4227087, -111.9293978 33.4227358)",136,,,,,auto
134,11302,11400,1,7.86,1,,48,tertiary,5,"LINESTRING (-111.9292569 33.4225721, -111.9292380 33.4225589, -111.9292011 33.4225273, -111.9291964 33.4225227)",137,,,,,auto
135,11401,11303,1,9.82,1,,48,tertiary,5,"LINESTRING (-111.9291362 33.4225609, -111.9291455 33.4225699, -111.9291870 33.4226055, -111.9292117 33.4226226)",138,,,,,auto
136,11402,11500,1,5.15,2,,48,tertiary,5,"LINESTRING (-111.9291479 33.4224446, -111.9291330 33.4224254, -111.9291188 33.4224051)",139,,,,,auto
137,11501,11403,1,5.59,1,,48,tertiary,5,"LINESTRING (-111.9290375 33.4224449, -111.9290529 33.4224669, -111.9290691 33.4224878)",140,,,,,auto
138,11502,7106,1,14.72,3,,48,tertiary,5,"LINESTRING (-111.9290680 33.4222686, -111.9290640 33.4222583, -111.9290495 33.4222112, -111.9290398 33.4221769, -111.9290336 33.4221471, -111.9290322 33.4221394)",141,,,,,auto
139,7107,11503,1,30.75,1,,48,tertiary,5,"LINESTRING (-111.9289110 33.4220940, -111.9289128 33.4221112, -111.9289221 33.4221624, -111.9289291 33.4221960, -111.9289399 33.4222340, -111.9289556 33.4222850, -111.9289760 33.4223370, -111.9289886 33.4223627)",142,,,,,auto
140,2900,11600,1,71.07,2,,48,tertiary,5,"LINESTRING (-111.9312630 33.4233562, -111.9312024 33.4233268, -111.9311254 33.4232910, -111.9310393 33.4232543, -111.9309529 33.4232221, -111.9308638 33.4231932, -111.9307780 33.4231690, -111.9306991 33.4231508, -111.9306258 33.4231385, -111.9305540 33.4231292)",143,,,,,auto
141,204,11700,1,131.21,1,,,residential,6,"LINESTRING (-111.9289864 33.4242905, -111.9288935 33.4243150, -111.9287043 33.4243626, -111.9286355 33.4243744, -111.9283591 33.4244215, -111.9282422 33.4244351, -111.9281171 33.4244498, -111.9278940 33.4244665, -111.9275982 33.4244722)",144,,,,,auto
142,11701,205,1,133.18,1,,,residential,6,"LINESTRING (-111.9276000 33.4245353, -111.9278982 33.4245295, -111.9281257 33.4245126, -111.9282526 33.4244977, -111.9283719 33.4244837, -111.9286505 33.4244362, -111.9287227 33.4244240, -111.9289157 33.4243754, -111.9290090 33.4243507)",145,,,,,auto
143,11702,14503,1,89.17,1,,,residential,6,"LINESTRING (-111.9274270 33.4244739, -111.9264830 33.4244748, -111.9264678 33.4244746)",146,,,,,auto
144,14504,11703,1,89.32,1,,,residential,6,"LINESTRING (-111.9264663 33.4245377, -111.9264822 33.4245380, -111.9274271 33.4245371)",147,,,,,auto
145,603,11800,1,85.08,1,,40,tertiary,5,"LINESTRING (-111.9294861 33.4166033, -111.9295169 33.4165881, -111.9296074 33.4165060, -111.9300951 33.4160325)",148,,,,,auto
146,11801,11900,1,84.5,1,,40,tertiary,5,"LINESTRING (-111.9302077 33.4159233, -111.9302260 33.4159055, -111.9303493 33.4157851, -111.9304248 33.4157061, -111.9304881 33.4156245, -111.9305592 33.4155164, -111.9306186 33.4154082, -111.9306452 33.4153477, -111.9306640 33.4152751)",149,,,,,auto
147,12000,12100,1,276.21,1,,40,tertiary,5,"LINESTRING (-111.9232537 33.4175799, -111.9235309 33.4178266, -111.9238050 33.4180710, -111.9238901 33.4181448, -111.9244238 33.4186182, -111.9245027 33.4186905, -111.9245938 33.4187710, -111.9249179 33.4190607, -111.9250353 33.4191657, -111.9250996 33.4192230, -111.9252886 33.4193951)",150,,,,,auto
148,12101,10601,1,10.96,1,,40,tertiary,5,"LINESTRING (-111.9254007 33.4195045, -111.9254093 33.4195129, -111.9254776 33.4195795)",151,,,,,auto
149,12200,4304,1,10.94,1,,,unclassified,15,"LINESTRING (-111.9166573 33.4305282, -111.9166461 33.4305224, -111.9165572 33.4304762)",152,,,,,auto
150,4305,12201,1,10.94,1,,,unclassified,15,"LINESTRING (-111.9165176 33.4305298, -111.9166065 33.4305760, -111.9166176 33.4305818)",153,,,,,auto
151,3601,802,1,10.7,1,,24,residential,6,"LINESTRING (-111.9366993 33.4175853, -111.9366859 33.4175686, -111.9366731 33.4175358, -111.9366709 33.4174940)",154,,,,,auto
152,803,3602,1,2.58,1,,24,residential,6,"LINESTRING (-111.9365996 33.4175506, -111.9366082 33.4175727)",155,,,,,auto
153,11202,11102,1,20.83,1,,40,tertiary,5,"LINESTRING (-111.9289933 33.4211311, -111.9289974 33.4210606, -111.9289999 33.4209433)",156,,,,,auto
154,11103,11203,1,20.61,1,,40,tertiary,5,"LINESTRING (-111.9289246 33.4209422, -111.9289222 33.4210586, -111.9289181 33.4211280)",157,,,,,auto
155,6302,12300,1,103.23,1,,,residential,6,"LINESTRING (-111.9328310 33.4145734, -111.9328212 33.4141786, -111.9328190 33.4140698, -111.9328157 33.4136424)",158,,,,,auto
156,12301,6303,1,103.23,1,,,residential,6,"LINESTRING (-111.9327404 33.4136429, -111.9327438 33.4140706, -111.9327460 33.4141798, -111.9327557 33.4145739)",159,,,,,auto
157,12400,4402,1,3.15,1,,,unclassified,15,"LINESTRING (-111.9148429 33.4322533, -111.9148237 33.4322307, -111.9148231 33.4322303)",160,,,,,auto
158,4403,12401,1,6.0,1,,,unclassified,15,"LINESTRING (-111.9147473 33.4322641, -111.9147526 33.4322654, -111.9147695 33.4322757, -111.9147798 33.4322879, -111.9147852 33.4323022, -111.9147852 33.4323042)",161,,,,,auto
159,4404,12402,1,41.33,1,,,unclassified,15,"LINESTRING (-111.9146524 33.4322148, -111.9146514 33.4322152, -111.9146174 33.4322422, -111.9145964 33.4322772, -111.9145909 33.4323161, -111.9146015 33.4323543, -111.9146272 33.4323872, -111.9146647 33.4324108, -111.9147092 33.4324222, -111.9147511 33.4324212, -111.9147903 33.4324097, -111.9148164 33.4323933)",162,,,,,auto
160,12403,4405,1,10.68,1,,,unclassified,15,"LINESTRING (-111.9147297 33.4323586, -111.9147194 33.4323588, -111.9146993 33.4323536, -111.9146830 33.4323434, -111.9146719 33.4323291, -111.9146673 33.4323125, -111.9146696 33.4322956, -111.9146706 33.4322939)",163,,,,,auto
161,206,12500,1,201.43,1,,,unclassified,15,"LINESTRING (-111.9290824 33.4242202, -111.9290777 33.4242104, -111.9288055 33.4236288, -111.9287882 33.4235939, -111.9287112 33.4234612, -111.9286039 33.4233504, -111.9284525 33.4233025, -111.9275966 33.4233058)",164,,,,,auto
162,12501,207,1,192.97,1,,,unclassified,15,"LINESTRING (-111.9275969 33.4233689, -111.9284389 33.4233657, -111.9285583 33.4234034, -111.9286472 33.4234954, -111.9287196 33.4236199, -111.9287357 33.4236524, -111.9290077 33.4242338, -111.9290126 33.4242439)",165,,,,,auto
163,12502,4901,1,88.93,1,,,unclassified,15,"LINESTRING (-111.9274245 33.4233064, -111.9265077 33.4233090, -111.9264680 33.4233094)",166,,,,,auto
164,4902,12503,1,88.87,1,,,unclassified,15,"LINESTRING (-111.9264689 33.4233726, -111.9265083 33.4233722, -111.9274248 33.4233695)",167,,,,,auto
165,11704,12600,1,105.04,1,,,unclassified,15,"LINESTRING (-111.9275514 33.4244335, -111.9275514 33.4244325, -111.9275488 33.4234861)",168,,,,,auto
166,12601,11705,1,104.97,1,,,unclassified,15,"LINESTRING (-111.9274735 33.4234862, -111.9274762 33.4244323, -111.9274761 33.4244330)",169,,,,,auto
167,12700,5301,1,5.85,2,,,secondary,4,"LINESTRING (-111.9339335 33.4219445, -111.9339376 33.4219972)",170,,,,,auto
168,5302,12701,1,5.85,2,,,secondary,4,"LINESTRING (-111.9340503 33.4219912, -111.9340462 33.4219385)",171,,,,,auto
169,12801,7003,1,97.6,2,,56,secondary,4,"LINESTRING (-111.9307630 33.4219520, -111.9302053 33.4219599, -111.9297246 33.4219631, -111.9297145 33.4219672)",172,,,,,auto
170,12900,12702,1,67.16,2,,56,secondary,4,"LINESTRING (-111.9348399 33.4219169, -111.9341763 33.4219220, -111.9341176 33.4219225)",173,,,,,auto
171,13000,13100,1,52.38,1,,24,residential,6,"LINESTRING (-111.9366981 33.4218368, -111.9366899 33.4213644)",174,,,,,auto
172,13101,13001,1,52.31,1,,24,residential,6,"LINESTRING (-111.9366146 33.4213653, -111.9366228 33.4218371)",175,,,,,auto
173,5502,8702,1,4.34,4,,56,primary,3,"LINESTRING (-111.9262078 33.4200892, -111.9262066 33.4201283)",178,,,,,auto
174,8703,5503,1,3.91,3,,56,primary,3,"LINESTRING (-111.9263760 33.4201284, -111.9263772 33.4200931)",179,,,,,auto
175,10500,5602,1,80.79,1,,,primary,3,"LINESTRING (-111.9337236 33.4146441, -111.9336672 33.4146694, -111.9335229 33.4147046, -111.9329187 33.4147111, -111.9328697 33.4147211)",180,,,,,auto
176,6400,6304,1,43.46,3,,,primary,3,"LINESTRING (-111.9322166 33.4147716, -111.9322444 33.4147502, -111.9323541 33.4147182, -111.9326208 33.4147143, -111.9326565 33.4147110, -111.9326671 33.4147086)",181,,,,,auto
177,5303,13200,1,66.53,2,,56,secondary,4,"LINESTRING (-111.9341244 33.4220105, -111.9348399 33.4220010)",182,,,,,auto
178,12703,13300,1,269.99,2,,56,secondary,4,"LINESTRING (-111.9338594 33.4219238, -111.9338470 33.4219238, -111.9332334 33.4219285, -111.9309555 33.4219502)",183,,,,,auto
179,13301,12801,1,2.9,2,,56,secondary,4,"LINESTRING (-111.9307942 33.4219517, -111.9307630 33.4219520)",184,,,,,auto
180,13400,804,1,282.6,1,,24,residential,6,"LINESTRING (-111.9397579 33.4174538, -111.9396173 33.4174516, -111.9382655 33.4174641, -111.9382150 33.4174644, -111.9381365 33.4174648, -111.9368123 33.4174751, -111.9367878 33.4174758, -111.9367185 33.4174765)",185,,,,,auto
181,11900,14407,1,42.7,2,,40,tertiary,5,"LINESTRING (-111.9306640 33.4152751, -111.9306766 33.4151850, -111.9306837 33.4150881, -111.9306914 33.4148908)",186,,,,,auto
182,14505,4701,1,40.25,3,,56,primary,3,"LINESTRING (-111.9263825 33.4243784, -111.9263865 33.4240154)",187,,,,,auto
183,13500,13600,1,65.21,1,,,residential,6,"LINESTRING (-111.9270724 33.4166966, -111.9268905 33.4167513, -111.9267669 33.4167759, -111.9266551 33.4167934, -111.9265470 33.4168016, -111.9264624 33.4168039, -111.9263882 33.4168052)",188,,,,,auto
184,13601,13501,1,67.48,1,,,residential,6,"LINESTRING (-111.9263898 33.4168683, -111.9264644 33.4168671, -111.9265516 33.4168646, -111.9266655 33.4168560, -111.9267825 33.4168377, -111.9269119 33.4168119, -111.9270978 33.4167560)",189,,,,,auto
185,3700,13700,1,6.79,2,,24,residential,6,"LINESTRING (-111.9396403 33.4176196, -111.9397134 33.4176198)",190,,,,,auto
186,7202,7501,1,10.07,3,,56,secondary,4,"LINESTRING (-111.9285629 33.4219512, -111.9284546 33.4219493)",191,,,,,auto
187,7502,7203,1,10.07,3,,56,secondary,4,"LINESTRING (-111.9284516 33.4220756, -111.9285599 33.4220775)",192,,,,,auto
188,7401,13800,1,9.39,3,,56,secondary,4,"LINESTRING (-111.9276470 33.4219511, -111.9275460 33.4219507)",193,,,,,auto
189,13801,7402,1,9.39,3,,56,secondary,4,"LINESTRING (-111.9275452 33.4220769, -111.9276462 33.4220773)",194,,,,,auto
190,13802,6802,1,8.75,3,,56,secondary,4,"LINESTRING (-111.9275021 33.4219507, -111.9274080 33.4219512)",195,,,,,auto
191,6803,13803,1,8.75,3,,56,secondary,4,"LINESTRING (-111.9274090 33.4220774, -111.9275031 33.4220769)",196,,,,,auto
192,7503,7403,1,49.17,2,,56,secondary,4,"LINESTRING (-111.9283121 33.4219712, -111.9283093 33.4219703, -111.9282432 33.4219692, -111.9277834 33.4219666)",197,,,,,auto
193,12602,12504,1,4.46,1,,,unclassified,15,"LINESTRING (-111.9275485 33.4233959, -111.9275484 33.4233557)",198,,,,,auto
194,12505,12603,1,4.46,1,,,unclassified,15,"LINESTRING (-111.9274731 33.4233558, -111.9274732 33.4233960)",199,,,,,auto
195,12506,13900,1,6.31,1,,,unclassified,15,"LINESTRING (-111.9275488 33.4233203, -111.9275501 33.4232634)",200,,,,,auto
196,13901,12507,1,6.31,1,,,unclassified,15,"LINESTRING (-111.9274748 33.4232621, -111.9274735 33.4233190)",201,,,,,auto
197,13902,13804,1,120.52,1,,,unclassified,15,"LINESTRING (-111.9275512 33.4231728, -111.9275580 33.4224712, -111.9275619 33.4221138, -111.9275619 33.4220858)",202,,,,,auto
198,13805,13903,1,120.45,1,,,unclassified,15,"LINESTRING (-111.9274866 33.4220859, -111.9274867 33.4221136, -111.9274828 33.4224706, -111.9274760 33.4231723)",203,,,,,auto
199,7302,14000,1,4.73,4,,56,secondary,4,"LINESTRING (-111.9268136 33.4219431, -111.9267628 33.4219438)",204,,,,,auto
200,14001,7303,1,8.73,2,,56,secondary,4,"LINESTRING (-111.9267437 33.4220703, -111.9268375 33.4220691)",205,,,,,auto
201,14002,14100,1,3.05,4,,56,secondary,4,"LINESTRING (-111.9265252 33.4219477, -111.9265179 33.4219479, -111.9264924 33.4219480)",206,,,,,auto
202,14101,14003,1,3.32,2,,56,secondary,4,"LINESTRING (-111.9264935 33.4220743, -111.9265205 33.4220741, -111.9265292 33.4220740)",207,,,,,auto
203,1404,14200,1,49.85,1,,24,residential,6,"LINESTRING (-111.9382185 33.4205461, -111.9382193 33.4205461, -111.9383750 33.4205448, -111.9384394 33.4205440, -111.9385800 33.4205425, -111.9387546 33.4205397)",208,,,,,auto
204,14201,1405,1,49.81,1,,24,residential,6,"LINESTRING (-111.9387533 33.4204766, -111.9385788 33.4204793, -111.9384384 33.4204808, -111.9383740 33.4204816, -111.9382185 33.4204829, -111.9382176 33.4204829)",209,,,,,auto
205,604,13502,1,195.63,1,,,residential,6,"LINESTRING (-111.9293254 33.4166095, -111.9292818 33.4166100, -111.9289961 33.4166098, -111.9287596 33.4166097, -111.9284516 33.4166079, -111.9279502 33.4165935, -111.9275783 33.4165932, -111.9274749 33.4165990, -111.9273753 33.4166096, -111.9272811 33.4166312, -111.9272292 33.4166465)",210,,,,,auto
206,13503,605,1,192.55,1,,,residential,6,"LINESTRING (-111.9272625 33.4167036, -111.9273035 33.4166916, -111.9273901 33.4166716, -111.9274821 33.4166618, -111.9275807 33.4166564, -111.9279488 33.4166567, -111.9284500 33.4166711, -111.9287594 33.4166729, -111.9289961 33.4166730, -111.9292824 33.4166732, -111.9293266 33.4166726)",211,,,,,auto
207,3902,5603,1,157.98,1,,24,residential,6,"LINESTRING (-111.9333051 33.4159947, -111.9333098 33.4159227, -111.9333012 33.4151921, -111.9332929 33.4151354, -111.9332758 33.4150861, -111.9332281 33.4150273, -111.9331419 33.4149920, -111.9330836 33.4149777, -111.9329145 33.4149791, -111.9328913 33.4149746, -111.9328698 33.4149577, -111.9328566 33.4149189, -111.9328485 33.4148613, -111.9328469 33.4148349)",212,,,,,auto
208,5604,3903,1,157.68,1,,24,residential,6,"LINESTRING (-111.9327717 33.4148382, -111.9327735 33.4148667, -111.9327826 33.4149313, -111.9328032 33.4149917, -111.9328545 33.4150322, -111.9329063 33.4150423, -111.9330732 33.4150409, -111.9331147 33.4150510, -111.9331771 33.4150767, -111.9332068 33.4151133, -111.9332189 33.4151482, -111.9332260 33.4151963, -111.9332344 33.4159213, -111.9332297 33.4159946)",213,,,,,auto
209,11601,2502,1,8.83,1,,48,tertiary,5,"LINESTRING (-111.9303419 33.4230997, -111.9303207 33.4230963, -111.9302486 33.4230848)",214,,,,,auto
210,11602,3001,1,4.36,1,,,residential,6,"LINESTRING (-111.9303857 33.4231258, -111.9303779 33.4231645)",215,,,,,auto
211,3002,11603,1,4.36,1,,,residential,6,"LINESTRING (-111.9304522 33.4231750, -111.9304600 33.4231363)",216,,,,,auto
212,2503,3003,1,10.38,1,,48,tertiary,5,"LINESTRING (-111.9302391 33.4231065, -111.9303044 33.4231372, -111.9303365 33.4231523)",217,,,,,auto
213,3004,102,1,39.29,1,,,residential,6,"LINESTRING (-111.9303600 33.4232534, -111.9303541 33.4232831, -111.9302898 33.4236029)",218,,,,,auto
214,103,3005,1,31.28,2,,,residential,6,"LINESTRING (-111.9303897 33.4235804, -111.9304457 33.4233022)",219,,,,,auto
215,5504,14300,1,44.81,1,,40,tertiary,5,"LINESTRING (-111.9262212 33.4199690, -111.9261791 33.4199575, -111.9261357 33.4199392, -111.9260964 33.4199161, -111.9260633 33.4198903, -111.9260255 33.4198564, -111.9259766 33.4198088, -111.9258673 33.4197044)",220,,,,,auto
216,14300,2301,1,41.65,2,,40,tertiary,5,"LINESTRING (-111.9258673 33.4197044, -111.9257447 33.4195971, -111.9255594 33.4194315)",221,,,,,auto
217,101,103,1,20.14,1,,,residential,6,"LINESTRING (-111.9303340 33.4237560, -111.9303897 33.4235804)",,1,0,WBL,,auto
218,102,100,1,15.95,1,,,residential,6,"LINESTRING (-111.9302898 33.4236029, -111.9302598 33.4237445)",,1,1,NBR,,auto
219,200,202,1,16.06,1,,,residential,6,"LINESTRING (-111.9291488 33.4242455, -111.9290782 33.4243776)",,2,2,EBL,,auto
220,200,204,1,15.9,1,,,residential,6,"LINESTRING (-111.9291488 33.4242455, -111.9289864 33.4242905)",,2,3,EBT,,auto
221,200,206,1,6.79,1,,,residential,6,"LINESTRING (-111.9291488 33.4242455, -111.9290824 33.4242202)",,2,4,EBR,,auto
222,203,201,1,5.86,1,,,unclassified,15,"LINESTRING (-111.9291477 33.4243534, -111.9291734 33.4243052)",,2,5,SBR,,auto
223,203,204,1,16.53,1,,,unclassified,15,"LINESTRING (-111.9291477 33.4243534, -111.9289864 33.4242905)",,2,6,SBL,,auto
224,203,206,1,15.97,1,,,unclassified,15,"LINESTRING (-111.9291477 33.4243534, -111.9290824 33.4242202)",,2,7,SBL,,auto
225,205,201,1,16.1,1,,,residential,6,"LINESTRING (-111.9290090 33.4243507, -111.9291734 33.4243052)",,2,8,WBT,,auto
226,205,202,1,7.09,1,,,residential,6,"LINESTRING (-111.9290090 33.4243507, -111.9290782 33.4243776)",,2,9,WBR,,auto
227,205,206,1,16.0,1,,,residential,6,"LINESTRING (-111.9290090 33.4243507, -111.9290824 33.4242202)",,2,10,WBL,,auto
228,207,201,1,16.42,1,,,unclassified,15,"LINESTRING (-111.9290126 33.4242439, -111.9291734 33.4243052)",,2,11,WBL,,auto
229,207,202,1,16.04,1,,,unclassified,15,"LINESTRING (-111.9290126 33.4242439, -111.9290782 33.4243776)",,2,12,WBR,,auto
230,207,204,1,5.71,1,,,unclassified,15,"LINESTRING (-111.9290126 33.4242439, -111.9289864 33.4242905)",,2,13,WBR,,auto
231,501,503,1,20.1,1,,40,tertiary,5,"LINESTRING (-111.9288146 33.4179823, -111.9287965 33.4181629)",,5,14,NBT,,auto
232,502,500,1,15.98,1,,40,tertiary,5,"LINESTRING (-111.9288904 33.4181264, -111.9288899 33.4179822)",,5,15,SBT,,auto
233,600,603,1,15.58,1,,40,tertiary,5,"LINESTRING (-111.9293850 33.4167153, -111.9294861 33.4166033)",,6,16,SBT,,auto
234,600,604,1,12.98,1,,40,tertiary,5,"LINESTRING (-111.9293850 33.4167153, -111.9293254 33.4166095)",,6,17,SBL,,auto
235,602,601,1,15.64,1,,40,tertiary,5,"LINESTRING (-111.9294445 33.4165731, -111.9293276 33.4166745)",,6,18,NBT,,auto
236,602,603,1,5.12,1,,40,tertiary,5,"LINESTRING (-111.9294445 33.4165731, -111.9294861 33.4166033)",,6,19,NBU,,auto
237,602,604,1,11.79,1,,40,tertiary,5,"LINESTRING (-111.9294445 33.4165731, -111.9293254 33.4166095)",,6,20,NBR,,auto
238,605,601,1,0.23,1,,,residential,6,"LINESTRING (-111.9293266 33.4166726, -111.9293276 33.4166745)",,6,21,WBR,,auto
239,605,603,1,16.71,1,,,residential,6,"LINESTRING (-111.9293266 33.4166726, -111.9294861 33.4166033)",,6,22,WBT,,auto
240,801,803,1,16.0,1,,24,residential,6,"LINESTRING (-111.9365915 33.4174064, -111.9365996 33.4175506)",,8,23,NBT,,auto
241,802,800,1,9.98,1,,24,residential,6,"LINESTRING (-111.9366709 33.4174940, -111.9366667 33.4174040)",,8,24,SBT,,auto
242,804,800,1,9.36,1,,24,residential,6,"LINESTRING (-111.9367185 33.4174765, -111.9366667 33.4174040)",,8,25,EBR,,auto
243,804,803,1,13.77,1,,24,residential,6,"LINESTRING (-111.9367185 33.4174765, -111.9365996 33.4175506)",,8,26,EBL,,auto
244,900,902,1,16.08,1,,24,residential,6,"LINESTRING (-111.9366532 33.4162770, -111.9366503 33.4161320)",,9,27,SBT,,auto
245,900,904,1,16.53,1,,24,residential,6,"LINESTRING (-111.9366532 33.4162770, -111.9365323 33.4161677)",,9,28,SBL,,auto
246,903,901,1,15.92,1,,24,residential,6,"LINESTRING (-111.9365750 33.4161338, -111.9365779 33.4162774)",,9,29,NBT,,auto
247,903,904,1,5.46,1,,24,residential,6,"LINESTRING (-111.9365750 33.4161338, -111.9365323 33.4161677)",,9,30,NBR,,auto
248,905,901,1,7.08,1,,24,residential,6,"LINESTRING (-111.9365262 33.4162306, -111.9365779 33.4162774)",,9,31,WBR,,auto
249,905,902,1,15.9,1,,24,residential,6,"LINESTRING (-111.9365262 33.4162306, -111.9366503 33.4161320)",,9,32,WBL,,auto
250,1101,1103,1,16.65,1,,24,residential,6,"LINESTRING (-111.9382100 33.4190456, -111.9380836 33.4191520)",,11,33,EBL,,auto
251,1102,1100,1,8.65,1,,24,residential,6,"LINESTRING (-111.9381588 33.4191640, -111.9382244 33.4191086)",,11,34,SBR,,auto
252,1400,1402,1,16.04,1,,24,residential,6,"LINESTRING (-111.9381706 33.4205872, -111.9381676 33.4204425)",,14,35,SBT,,auto
253,1400,1404,1,6.38,1,,24,residential,6,"LINESTRING (-111.9381706 33.4205872, -111.9382185 33.4205461)",,14,36,SBR,,auto
254,1403,1401,1,15.96,1,,24,residential,6,"LINESTRING (-111.9380923 33.4204440, -111.9380953 33.4205879)",,14,37,NBT,,auto
255,1403,1404,1,16.3,1,,24,residential,6,"LINESTRING (-111.9380923 33.4204440, -111.9382185 33.4205461)",,14,38,NBL,,auto
256,1405,1401,1,16.27,1,,24,residential,6,"LINESTRING (-111.9382176 33.4204829, -111.9380953 33.4205879)",,14,39,EBL,,auto
257,1405,1402,1,6.45,1,,24,residential,6,"LINESTRING (-111.9382176 33.4204829, -111.9381676 33.4204425)",,14,40,EBR,,auto
258,1501,1502,1,15.88,1,,24,residential,6,"LINESTRING (-111.9288473 33.4202908, -111.9289613 33.4201841)",,15,41,WBL,,auto
259,1501,1505,1,7.26,1,,24,residential,6,"LINESTRING (-111.9288473 33.4202908, -111.9289055 33.4203345)",,15,42,WBR,,auto
260,1503,1500,1,4.3,1,,40,tertiary,5,"LINESTRING (-111.9288677 33.4201929, -111.9288474 33.4202277)",,15,43,NBR,,auto
261,1503,1505,1,16.09,1,,40,tertiary,5,"LINESTRING (-111.9288677 33.4201929, -111.9289055 33.4203345)",,15,44,NBT,,auto
262,1504,1500,1,20.68,1,,40,tertiary,5,"LINESTRING (-111.9290021 33.4203617, -111.9288474 33.4202277)",,15,45,SBL,,auto
263,1504,1502,1,20.06,1,,40,tertiary,5,"LINESTRING (-111.9290021 33.4203617, -111.9289613 33.4201841)",,15,46,SBT,,auto
264,2000,2002,1,5.95,1,,24,residential,6,"LINESTRING (-111.9289379 33.4184027, -111.9288917 33.4183655)",,20,47,EBR,signal,auto
265,2000,2005,1,16.35,1,,24,residential,6,"LINESTRING (-111.9289379 33.4184027, -111.9288176 33.4185102)",,20,48,EBL,signal,auto
266,2003,2001,1,20.2,1,,40,tertiary,5,"LINESTRING (-111.9287976 33.4183290, -111.9289413 33.4184658)",,20,49,NBL,signal,auto
267,2003,2005,1,20.17,1,,40,tertiary,5,"LINESTRING (-111.9287976 33.4183290, -111.9288176 33.4185102)",,20,50,NBT,signal,auto
268,2004,2001,1,6.58,1,,40,tertiary,5,"LINESTRING (-111.9288928 33.4185091, -111.9289413 33.4184658)",,20,51,SBR,signal,auto
269,2004,2002,1,15.91,1,,40,tertiary,5,"LINESTRING (-111.9288928 33.4185091, -111.9288917 33.4183655)",,20,52,SBT,signal,auto
270,2301,2300,1,19.99,1,,40,tertiary,5,"LINESTRING (-111.9255594 33.4194315, -111.9254108 33.4193012)",,23,53,SBT,signal,auto
271,2501,2503,1,16.13,1,,48,tertiary,5,"LINESTRING (-111.9300701 33.4230735, -111.9302391 33.4231065)",,25,54,WBT,,auto
272,2502,2500,1,15.97,1,,48,tertiary,5,"LINESTRING (-111.9302486 33.4230848, -111.9300983 33.4230150)",,25,55,EBT,,auto
273,2502,2503,1,2.57,1,,48,tertiary,5,"LINESTRING (-111.9302486 33.4230848, -111.9302391 33.4231065)",,25,56,EBU,,auto
274,2600,2602,1,16.01,1,,48,tertiary,5,"LINESTRING (-111.9295824 33.4227650, -111.9294516 33.4226711)",,26,57,EBT,,auto
275,2603,2601,1,16.07,1,,48,tertiary,5,"LINESTRING (-111.9293978 33.4227358, -111.9295405 33.4228175)",,26,58,WBT,,auto
276,2800,2801,1,16.0,1,,48,tertiary,5,"LINESTRING (-111.9338486 33.4249933, -111.9336891 33.4249389)",,28,59,EBT,signal,auto
277,3001,3000,1,11.93,1,,,residential,6,"LINESTRING (-111.9303779 33.4231645, -111.9304905 33.4232163)",,30,61,NBL,,auto
278,3001,3004,1,10.0,1,,,residential,6,"LINESTRING (-111.9303779 33.4231645, -111.9303600 33.4232534)",,30,62,NBT,,auto
279,3003,3000,1,15.97,1,,48,tertiary,5,"LINESTRING (-111.9303365 33.4231523, -111.9304905 33.4232163)",,30,63,WBT,,auto
280,3003,3002,1,11.05,1,,48,tertiary,5,"LINESTRING (-111.9303365 33.4231523, -111.9304522 33.4231750)",,30,64,WBL,,auto
281,3003,3004,1,11.42,1,,48,tertiary,5,"LINESTRING (-111.9303365 33.4231523, -111.9303600 33.4232534)",,30,65,WBR,,auto
282,3005,3000,1,10.4,1,,,residential,6,"LINESTRING (-111.9304457 33.4233022, -111.9304905 33.4232163)",,30,66,SBR,,auto
283,3005,3002,1,14.11,1,,,residential,6,"LINESTRING (-111.9304457 33.4233022, -111.9304522 33.4231750)",,30,67,SBT,,auto
284,3100,3101,1,16.0,1,,48,tertiary,5,"LINESTRING (-111.9321163 33.4241999, -111.9322391 33.4243010)",,31,68,WBT,signal,auto
285,3200,3201,1,16.0,1,,48,tertiary,5,"LINESTRING (-111.9333774 33.4249781, -111.9335351 33.4250357)",,32,69,WBT,signal,auto
286,3602,3600,1,16.15,1,,24,residential,6,"LINESTRING (-111.9366082 33.4175727, -111.9367579 33.4176467)",,36,70,NBL,,auto
287,3800,3802,1,15.95,1,,24,residential,6,"LINESTRING (-111.9350414 33.4160810, -111.9348698 33.4160811)",,38,72,EBT,,auto
288,3800,3804,1,9.14,1,,24,residential,6,"LINESTRING (-111.9350414 33.4160810, -111.9349555 33.4160409)",,38,73,EBR,,auto
289,3803,3801,1,16.05,1,,24,residential,6,"LINESTRING (-111.9348693 33.4161442, -111.9350419 33.4161442)",,38,74,WBT,,auto
290,3803,3804,1,13.97,1,,24,residential,6,"LINESTRING (-111.9348693 33.4161442, -111.9349555 33.4160409)",,38,75,WBL,,auto
291,3900,3902,1,11.8,1,,24,residential,6,"LINESTRING (-111.9333663 33.4160879, -111.9333051 33.4159947)",,39,76,EBR,,auto
292,3903,3901,1,16.59,1,,24,residential,6,"LINESTRING (-111.9332297 33.4159946, -111.9332844 33.4161371)",,39,77,NBL,,auto
293,4100,4103,1,5.87,1,,,unclassified,15,"LINESTRING (-111.9159627 33.4313736, -111.9159580 33.4313208)",,41,78,EBR,,auto
294,4100,4104,1,17.02,1,,,unclassified,15,"LINESTRING (-111.9159627 33.4313736, -111.9157797 33.4313670)",,41,79,EBT,,auto
295,4102,4101,1,16.15,1,,,unclassified,15,"LINESTRING (-111.9159016 33.4312774, -111.9159151 33.4314226)",,41,80,NBU,,auto
296,4102,4104,1,15.06,1,,,unclassified,15,"LINESTRING (-111.9159016 33.4312774, -111.9157797 33.4313670)",,41,81,NBT,,auto
297,4105,4101,1,8.67,1,,,unclassified,15,"LINESTRING (-111.9158220 33.4314192, -111.9159151 33.4314226)",,41,82,WBT,,auto
298,4105,4103,1,16.7,1,,,unclassified,15,"LINESTRING (-111.9158220 33.4314192, -111.9159580 33.4313208)",,41,83,WBT,,auto
299,4201,4203,1,8.37,1,,,unclassified,15,"LINESTRING (-111.9173658 33.4294041, -111.9173625 33.4293287)",,42,84,SBR,,auto
300,4202,4200,1,10.58,1,,,secondary,4,"LINESTRING (-111.9172119 33.4293267, -111.9172913 33.4293950)",,42,85,WBR,,auto
301,4202,4203,1,14.0,1,,,secondary,4,"LINESTRING (-111.9172119 33.4293267, -111.9173625 33.4293287)",,42,86,WBT,,auto
302,4300,4302,1,15.97,1,,,unclassified,15,"LINESTRING (-111.9165313 33.4304154, -111.9164420 33.4305385)",,43,87,NBT,,auto
303,4300,4305,1,12.75,1,,,unclassified,15,"LINESTRING (-111.9165313 33.4304154, -111.9165176 33.4305298)",,43,88,NBL,,auto
304,4303,4301,1,16.02,1,,,unclassified,15,"LINESTRING (-111.9165062 33.4305715, -111.9165958 33.4304480)",,43,89,SBT,,auto
305,4303,4305,1,4.74,1,,,unclassified,15,"LINESTRING (-111.9165062 33.4305715, -111.9165176 33.4305298)",,43,90,SBR,,auto
306,4304,4301,1,4.75,1,,,unclassified,15,"LINESTRING (-111.9165572 33.4304762, -111.9165958 33.4304480)",,43,91,EBR,,auto
307,4304,4302,1,12.75,1,,,unclassified,15,"LINESTRING (-111.9165572 33.4304762, -111.9164420 33.4305385)",,43,92,EBL,,auto
308,4400,4403,1,11.84,1,,,unclassified,15,"LINESTRING (-111.9147412 33.4321574, -111.9147473 33.4322641)",,44,93,EBL,,auto
309,4400,4404,1,10.42,1,,,unclassified,15,"LINESTRING (-111.9147412 33.4321574, -111.9146524 33.4322148)",,44,94,EBL,,auto
310,4402,4401,1,5.38,1,,,unclassified,15,"LINESTRING (-111.9148231 33.4322303, -111.9148211 33.4321818)",,44,95,SBR,,auto
311,4405,4401,1,18.71,1,,,unclassified,15,"LINESTRING (-111.9146706 33.4322939, -111.9148211 33.4321818)",,44,96,SBR,,auto
312,4900,4902,1,14.87,1,,56,primary,3,"LINESTRING (-111.9263839 33.4234862, -111.9264689 33.4233726)",,49,101,SBR,,auto
313,5000,5001,1,14.87,1,,,primary,3,"LINESTRING (-111.9262931 33.4233852, -111.9261426 33.4233396)",,50,102,SBL,,auto
314,5000,5002,1,10.8,1,,,primary,3,"LINESTRING (-111.9262931 33.4233852, -111.9262276 33.4234657)",,50,103,SBU,,auto
315,5300,5302,1,17.29,1,,56,secondary,4,"LINESTRING (-111.9338662 33.4220131, -111.9340503 33.4219912)",,53,105,WBL,,auto
316,5300,5303,1,24.0,1,,56,secondary,4,"LINESTRING (-111.9338662 33.4220131, -111.9341244 33.4220105)",,53,106,WBT,,auto
317,5301,5303,1,17.43,2,,,secondary,4,"LINESTRING (-111.9339376 33.4219972, -111.9341244 33.4220105)",,53,107,NBL,,auto
318,5401,5403,1,27.93,3,,56,primary,3,"LINESTRING (-111.9263762 33.4196684, -111.9263739 33.4194165)",,54,108,SBT,,auto
319,5402,5400,1,30.12,3,,56,primary,3,"LINESTRING (-111.9262233 33.4194168, -111.9262070 33.4196882)",,54,109,NBT,,auto
320,5500,5502,1,27.64,3,,56,primary,3,"LINESTRING (-111.9262093 33.4198399, -111.9262078 33.4200892)",,55,110,NBT,signal,auto
321,5500,5504,1,14.36,1,,56,primary,3,"LINESTRING (-111.9262093 33.4198399, -111.9262212 33.4199690)",,55,111,NBR,signal,auto
322,5503,5501,1,26.27,1,,56,primary,3,"LINESTRING (-111.9263772 33.4200931, -111.9263789 33.4198562)",,55,112,SBT,signal,auto
323,5503,5504,1,19.99,1,,56,primary,3,"LINESTRING (-111.9263772 33.4200931, -111.9262212 33.4199690)",,55,113,SBL,signal,auto
324,5601,5600,1,26.0,2,,56,primary,3,"LINESTRING (-111.9326544 33.4147662, -111.9329341 33.4147638)",,56,114,WBT,signal,auto
325,5601,5604,1,13.51,1,,56,primary,3,"LINESTRING (-111.9326544 33.4147662, -111.9327717 33.4148382)",,56,115,WBR,signal,auto
326,5602,5600,1,7.63,1,,,primary,3,"LINESTRING (-111.9328697 33.4147211, -111.9329341 33.4147638)",,56,116,EBU,signal,auto
327,5602,5604,1,15.85,1,,,primary,3,"LINESTRING (-111.9328697 33.4147211, -111.9327717 33.4148382)",,56,117,EBL,signal,auto
328,5603,5600,1,11.3,1,,24,residential,6,"LINESTRING (-111.9328469 33.4148349, -111.9329341 33.4147638)",,56,118,SBR,signal,auto
329,6300,6301,1,24.0,1,,56,primary,3,"LINESTRING (-111.9329230 33.4146440, -111.9326649 33.4146472)",,63,124,EBT,signal,auto
330,6300,6302,1,11.59,1,,56,primary,3,"LINESTRING (-111.9329230 33.4146440, -111.9328310 33.4145734)",,63,125,EBR,signal,auto
331,6303,6301,1,11.72,1,,,residential,6,"LINESTRING (-111.9327557 33.4145739, -111.9326649 33.4146472)",,63,126,NBR,signal,auto
332,6304,6301,1,6.8,2,,,primary,3,"LINESTRING (-111.9326671 33.4147086, -111.9326649 33.4146472)",,63,127,WBU,signal,auto
333,6304,6302,1,21.38,1,,,primary,3,"LINESTRING (-111.9326671 33.4147086, -111.9328310 33.4145734)",,63,128,WBL,signal,auto
334,6801,6803,1,10.09,2,,56,secondary,4,"LINESTRING (-111.9273018 33.4220629, -111.9274090 33.4220774)",,68,132,WBT,,auto
335,6802,6800,1,10.22,3,,56,secondary,4,"LINESTRING (-111.9274080 33.4219512, -111.9272995 33.4219366)",,68,133,EBT,,auto
336,6900,6902,1,16.01,4,,56,secondary,4,"LINESTRING (-111.9272669 33.4219371, -111.9270948 33.4219393)",,69,134,EBT,,auto
337,6903,6901,1,16.0,2,,56,secondary,4,"LINESTRING (-111.9270972 33.4220656, -111.9272692 33.4220633)",,69,135,WBT,,auto
338,7001,7002,1,23.48,2,,56,secondary,4,"LINESTRING (-111.9294700 33.4220633, -111.9297218 33.4220468)",,70,136,WBT,,auto
339,7003,7000,1,24.91,1,,56,secondary,4,"LINESTRING (-111.9297145 33.4219672, -111.9294471 33.4219530)",,70,137,EBT,,auto
340,7003,7002,1,8.85,1,,56,secondary,4,"LINESTRING (-111.9297145 33.4219672, -111.9297218 33.4220468)",,70,138,EBU,,auto
341,7100,7102,1,25.97,1,,56,secondary,4,"LINESTRING (-111.9290916 33.4219562, -111.9288128 33.4219703)",,71,139,EBT,signal,auto
342,7100,7104,1,11.03,1,,56,secondary,4,"LINESTRING (-111.9290916 33.4219562, -111.9289736 33.4219455)",,71,140,EBR,signal,auto
343,7100,7107,1,22.71,1,,56,secondary,4,"LINESTRING (-111.9290916 33.4219562, -111.9289110 33.4220940)",,71,141,EBL,signal,auto
344,7103,7101,1,26.15,1,,56,secondary,4,"LINESTRING (-111.9287892 33.4220805, -111.9290700 33.4220669)",,71,142,WBT,signal,auto
345,7103,7104,1,22.76,1,,56,secondary,4,"LINESTRING (-111.9287892 33.4220805, -111.9289736 33.4219455)",,71,143,WBL,signal,auto
346,7103,7107,1,11.42,1,,56,secondary,4,"LINESTRING (-111.9287892 33.4220805, -111.9289110 33.4220940)",,71,144,WBR,signal,auto
347,7105,7101,1,27.3,1,,40,tertiary,5,"LINESTRING (-111.9288574 33.4218969, -111.9290700 33.4220669)",,71,145,NBL,signal,auto
348,7105,7102,1,9.13,1,,40,tertiary,5,"LINESTRING (-111.9288574 33.4218969, -111.9288128 33.4219703)",,71,146,NBR,signal,auto
349,7105,7107,1,22.41,1,,40,tertiary,5,"LINESTRING (-111.9288574 33.4218969, -111.9289110 33.4220940)",,71,147,NBT,signal,auto
350,7106,7101,1,8.78,1,,48,tertiary,5,"LINESTRING (-111.9290322 33.4221394, -111.9290700 33.4220669)",,71,148,SBR,signal,auto
351,7106,7102,1,27.7,1,,48,tertiary,5,"LINESTRING (-111.9290322 33.4221394, -111.9288128 33.4219703)",,71,149,SBL,signal,auto
352,7106,7104,1,22.17,1,,48,tertiary,5,"LINESTRING (-111.9290322 33.4221394, -111.9289736 33.4219455)",,71,150,SBT,signal,auto
353,7200,7202,1,14.07,2,,56,secondary,4,"LINESTRING (-111.9287128 33.4219690, -111.9285629 33.4219512)",,72,151,EBT,,auto
354,7203,7201,1,16.03,3,,56,secondary,4,"LINESTRING (-111.9285599 33.4220775, -111.9287323 33.4220798)",,72,152,WBT,,auto
355,7300,7302,1,22.0,4,,56,secondary,4,"LINESTRING (-111.9270502 33.4219399, -111.9268136 33.4219431)",,73,153,EBT,,auto
356,7303,7301,1,20.0,2,,56,secondary,4,"LINESTRING (-111.9268375 33.4220691, -111.9270526 33.4220662)",,73,154,WBT,,auto
357,7402,7400,1,13.62,2,,56,secondary,4,"LINESTRING (-111.9276462 33.4220773, -111.9277894 33.4220513)",,74,155,WBT,,auto
358,7403,7401,1,12.8,2,,56,secondary,4,"LINESTRING (-111.9277834 33.4219666, -111.9276470 33.4219511)",,74,156,EBT,,auto
359,7500,7502,1,13.1,2,,56,secondary,4,"LINESTRING (-111.9283152 33.4220456, -111.9284516 33.4220756)",,75,157,WBT,,auto
360,7501,7503,1,13.48,2,,56,secondary,4,"LINESTRING (-111.9284546 33.4219493, -111.9283121 33.4219712)",,75,158,EBT,,auto
361,8201,8203,1,15.99,3,,56,primary,3,"LINESTRING (-111.9263707 33.4184428, -111.9263718 33.4182985)",,82,159,SBT,,auto
362,8202,8200,1,16.01,3,,56,primary,3,"LINESTRING (-111.9262212 33.4182977, -111.9262201 33.4184421)",,82,160,NBT,,auto
363,8300,8302,1,18.18,3,,56,primary,3,"LINESTRING (-111.9262192 33.4185638, -111.9262018 33.4187272)",,83,161,NBT,,auto
364,8303,8301,1,15.9,3,,56,primary,3,"LINESTRING (-111.9263710 33.4187080, -111.9263698 33.4185645)",,83,162,SBT,,auto
365,8402,8400,1,27.75,3,,56,primary,3,"LINESTRING (-111.9263582 33.4284441, -111.9263220 33.4281957)",,84,163,SBT,,auto
366,8403,8400,1,6.6,2,,56,primary,3,"LINESTRING (-111.9262510 33.4281943, -111.9263220 33.4281957)",,84,164,NBU,,auto
367,8403,8401,1,34.91,1,,56,primary,3,"LINESTRING (-111.9262510 33.4281943, -111.9261510 33.4284978)",,84,165,NBT,,auto
368,8600,8602,1,30.34,3,,56,primary,3,"LINESTRING (-111.9262044 33.4189915, -111.9262228 33.4192646)",,86,167,NBT,signal,auto
369,8603,8601,1,27.74,3,,56,primary,3,"LINESTRING (-111.9263734 33.4192628, -111.9263741 33.4190126)",,86,168,SBT,signal,auto
370,8701,8703,1,12.8,3,,56,primary,3,"LINESTRING (-111.9263740 33.4202438, -111.9263760 33.4201284)",,87,169,SBT,,auto
371,8702,8700,1,12.58,3,,56,primary,3,"LINESTRING (-111.9262066 33.4201283, -111.9262235 33.4202409)",,87,170,NBT,,auto
372,8800,8802,1,3.05,3,,56,primary,3,"LINESTRING (-111.9262229 33.4202622, -111.9262235 33.4202897)",,88,171,NBT,signal,auto
373,8803,8801,1,2.23,3,,56,primary,3,"LINESTRING (-111.9263740 33.4202852, -111.9263734 33.4202651)",,88,172,SBT,signal,auto
374,8804,8801,1,17.99,1,,40,tertiary,5,"LINESTRING (-111.9261925 33.4202075, -111.9263734 33.4202651)",,88,173,NBL,signal,auto
375,8804,8802,1,9.55,1,,40,tertiary,5,"LINESTRING (-111.9261925 33.4202075, -111.9262235 33.4202897)",,88,174,NBT,signal,auto
376,9100,9101,1,8.11,3,,56,primary,3,"LINESTRING (-111.9263510 33.4204998, -111.9262658 33.4204841)",,91,175,SBU,,auto
377,9100,9103,1,17.74,1,,56,primary,3,"LINESTRING (-111.9263510 33.4204998, -111.9263764 33.4203412)",,91,176,SBT,,auto
378,9102,9101,1,15.78,3,,56,primary,3,"LINESTRING (-111.9262259 33.4203457, -111.9262658 33.4204841)",,91,177,NBT,,auto
379,9700,9702,1,16.01,1,,40,tertiary,5,"LINESTRING (-111.9289732 33.4216598, -111.9289748 33.4215154)",,97,180,SBT,,auto
380,9703,9701,1,22.27,1,,40,tertiary,5,"LINESTRING (-111.9288995 33.4215149, -111.9288596 33.4217129)",,97,181,NBT,,auto
381,9800,9801,1,13.47,2,,56,primary,3,"LINESTRING (-111.9293222 33.4146669, -111.9291773 33.4146673)",,98,182,EBT,signal,auto
382,10100,10101,1,22.77,2,,56,primary,3,"LINESTRING (-111.9288699 33.4148040, -111.9291147 33.4148015)",,101,184,WBT,signal,auto
383,10200,10201,1,14.44,2,,56,secondary,4,"LINESTRING (-111.9305745 33.4220437, -111.9307297 33.4220422)",,102,185,WBT,signal,auto
384,10800,10801,1,15.99,1,,40,tertiary,5,"LINESTRING (-111.9302518 33.4157799, -111.9301383 33.4158883)",,108,191,NBT,signal,auto
385,10901,10903,1,16.07,1,,40,tertiary,5,"LINESTRING (-111.9288407 33.4195154, -111.9288459 33.4196602)",,109,192,NBT,,auto
386,10902,10900,1,15.93,1,,40,tertiary,5,"LINESTRING (-111.9289211 33.4196578, -111.9289160 33.4195141)",,109,193,SBT,,auto
387,11001,11003,1,16.15,1,,40,tertiary,5,"LINESTRING (-111.9288663 33.4199794, -111.9288604 33.4201251)",,110,194,NBT,,auto
388,11002,11000,1,15.96,1,,40,tertiary,5,"LINESTRING (-111.9289542 33.4201187, -111.9289414 33.4199752)",,110,195,SBT,,auto
389,11101,11103,1,15.95,1,,40,tertiary,5,"LINESTRING (-111.9289262 33.4207983, -111.9289246 33.4209422)",,111,196,NBT,,auto
390,11102,11100,1,20.14,1,,40,tertiary,5,"LINESTRING (-111.9289999 33.4209433, -111.9290204 33.4207625)",,111,197,SBT,,auto
391,11200,11202,1,16.03,1,,40,tertiary,5,"LINESTRING (-111.9289842 33.4212754, -111.9289933 33.4211311)",,112,198,SBT,,auto
392,11203,11201,1,15.97,1,,40,tertiary,5,"LINESTRING (-111.9289181 33.4211280, -111.9289090 33.4212718)",,112,199,NBT,,auto
393,11300,11302,1,15.93,1,,48,tertiary,5,"LINESTRING (-111.9294052 33.4226439, -111.9292569 33.4225721)",,113,200,EBT,,auto
394,11303,11301,1,16.11,1,,48,tertiary,5,"LINESTRING (-111.9292117 33.4226226, -111.9293513 33.4227087)",,113,201,WBT,,auto
395,11400,11402,1,9.76,1,,48,tertiary,5,"LINESTRING (-111.9291964 33.4225227, -111.9291479 33.4224446)",,114,202,EBT,,auto
396,11403,11401,1,10.23,1,,48,tertiary,5,"LINESTRING (-111.9290691 33.4224878, -111.9291362 33.4225609)",,114,203,NBT,,auto
397,11500,11502,1,15.85,2,,48,tertiary,5,"LINESTRING (-111.9291188 33.4224051, -111.9290680 33.4222686)",,115,204,SBT,,auto
398,11503,11501,1,10.19,1,,48,tertiary,5,"LINESTRING (-111.9289886 33.4223627, -111.9290375 33.4224449)",,115,205,NBT,,auto
399,11600,11601,1,19.99,1,,48,tertiary,5,"LINESTRING (-111.9305540 33.4231292, -111.9303419 33.4230997)",,116,206,EBT,signal,auto
400,11600,11602,1,15.65,1,,48,tertiary,5,"LINESTRING (-111.9305540 33.4231292, -111.9303857 33.4231258)",,116,207,EBL,signal,auto
401,11603,11601,1,11.7,1,,,residential,6,"LINESTRING (-111.9304600 33.4231363, -111.9303419 33.4230997)",,116,208,SBL,signal,auto
402,11700,11702,1,15.92,1,,,residential,6,"LINESTRING (-111.9275982 33.4244722, -111.9274270 33.4244739)",,117,209,EBT,,auto
403,11700,11704,1,6.11,1,,,residential,6,"LINESTRING (-111.9275982 33.4244722, -111.9275514 33.4244335)",,117,210,EBR,,auto
404,11703,11701,1,16.08,1,,,residential,6,"LINESTRING (-111.9274271 33.4245371, -111.9276000 33.4245353)",,117,211,WBT,,auto
405,11703,11704,1,16.29,1,,,residential,6,"LINESTRING (-111.9274271 33.4245371, -111.9275514 33.4244335)",,117,212,WBL,,auto
406,11705,11701,1,16.16,1,,,unclassified,15,"LINESTRING (-111.9274761 33.4244330, -111.9276000 33.4245353)",,117,213,NBL,,auto
407,11705,11702,1,6.44,1,,,unclassified,15,"LINESTRING (-111.9274761 33.4244330, -111.9274270 33.4244739)",,117,214,NBR,,auto
408,11800,11801,1,16.0,1,,40,tertiary,5,"LINESTRING (-111.9300951 33.4160325, -111.9302077 33.4159233)",,118,215,SBT,signal,auto
409,12100,12101,1,16.0,1,,40,tertiary,5,"LINESTRING (-111.9252886 33.4193951, -111.9254007 33.4195045)",,121,217,NBT,signal,auto
410,12500,12502,1,16.0,1,,,unclassified,15,"LINESTRING (-111.9275966 33.4233058, -111.9274245 33.4233064)",,125,218,EBT,,auto
411,12500,12505,1,12.75,1,,,unclassified,15,"LINESTRING (-111.9275966 33.4233058, -111.9274731 33.4233558)",,125,219,EBL,,auto
412,12500,12506,1,4.73,1,,,unclassified,15,"LINESTRING (-111.9275966 33.4233058, -111.9275488 33.4233203)",,125,220,EBR,,auto
413,12503,12501,1,16.0,1,,,unclassified,15,"LINESTRING (-111.9274248 33.4233695, -111.9275969 33.4233689)",,125,221,WBT,,auto
414,12503,12505,1,4.74,1,,,unclassified,15,"LINESTRING (-111.9274248 33.4233695, -111.9274731 33.4233558)",,125,222,WBR,,auto
415,12503,12506,1,12.75,1,,,unclassified,15,"LINESTRING (-111.9274248 33.4233695, -111.9275488 33.4233203)",,125,223,WBL,,auto
416,12504,12501,1,4.75,1,,,unclassified,15,"LINESTRING (-111.9275484 33.4233557, -111.9275969 33.4233689)",,125,224,SBR,,auto
417,12504,12502,1,12.75,1,,,unclassified,15,"LINESTRING (-111.9275484 33.4233557, -111.9274245 33.4233064)",,125,225,SBL,,auto
418,12504,12506,1,3.92,1,,,unclassified,15,"LINESTRING (-111.9275484 33.4233557, -111.9275488 33.4233203)",,125,226,SBT,,auto
419,12507,12501,1,12.74,1,,,unclassified,15,"LINESTRING (-111.9274735 33.4233190, -111.9275969 33.4233689)",,125,227,NBL,,auto
420,12507,12502,1,4.76,1,,,unclassified,15,"LINESTRING (-111.9274735 33.4233190, -111.9274245 33.4233064)",,125,228,NBR,,auto
421,12507,12505,1,4.08,1,,,unclassified,15,"LINESTRING (-111.9274735 33.4233190, -111.9274731 33.4233558)",,125,229,NBT,,auto
422,12600,12602,1,10.0,1,,,unclassified,15,"LINESTRING (-111.9275488 33.4234861, -111.9275485 33.4233959)",,126,230,SBT,,auto
423,12603,12601,1,10.0,1,,,unclassified,15,"LINESTRING (-111.9274732 33.4233960, -111.9274735 33.4234862)",,126,231,NBT,,auto
424,12701,12703,1,17.44,2,,,secondary,4,"LINESTRING (-111.9340462 33.4219385, -111.9338594 33.4219238)",,127,232,SBL,,auto
425,12702,12700,1,17.28,1,,56,secondary,4,"LINESTRING (-111.9341176 33.4219225, -111.9339335 33.4219445)",,127,233,EBL,,auto
426,12702,12703,1,24.0,1,,56,secondary,4,"LINESTRING (-111.9341176 33.4219225, -111.9338594 33.4219238)",,127,234,EBT,,auto
427,13300,13301,1,14.99,2,,56,secondary,4,"LINESTRING (-111.9309555 33.4219502, -111.9307942 33.4219517)",,133,236,EBT,signal,auto
428,13501,13503,1,16.37,1,,,residential,6,"LINESTRING (-111.9270978 33.4167560, -111.9272625 33.4167036)",,135,237,WBT,,auto
429,13502,13500,1,15.6,1,,,residential,6,"LINESTRING (-111.9272292 33.4166465, -111.9270724 33.4166966)",,135,238,EBT,,auto
430,13800,13802,1,4.07,1,,56,secondary,4,"LINESTRING (-111.9275460 33.4219507, -111.9275021 33.4219507)",,138,239,EBT,,auto
431,13800,13805,1,15.98,1,,56,secondary,4,"LINESTRING (-111.9275460 33.4219507, -111.9274866 33.4220859)",,138,240,EBL,,auto
432,13803,13801,1,3.92,2,,56,secondary,4,"LINESTRING (-111.9275031 33.4220769, -111.9275452 33.4220769)",,138,241,WBT,,auto
433,13803,13805,1,1.83,1,,56,secondary,4,"LINESTRING (-111.9275031 33.4220769, -111.9274866 33.4220859)",,138,242,WBR,,auto
434,13804,13801,1,1.83,1,,,unclassified,15,"LINESTRING (-111.9275619 33.4220858, -111.9275452 33.4220769)",,138,243,SBR,,auto
435,13804,13802,1,15.98,1,,,unclassified,15,"LINESTRING (-111.9275619 33.4220858, -111.9275021 33.4219507)",,138,244,SBL,,auto
436,13900,13902,1,10.04,1,,,unclassified,15,"LINESTRING (-111.9275501 33.4232634, -111.9275512 33.4231728)",,139,245,SBT,,auto
437,13903,13901,1,9.96,1,,,unclassified,15,"LINESTRING (-111.9274760 33.4231723, -111.9274748 33.4232621)",,139,246,NBT,,auto
438,14000,14002,1,22.09,4,,56,secondary,4,"LINESTRING (-111.9267628 33.4219438, -111.9265252 33.4219477)",,140,247,EBT,,auto
439,14003,14001,1,19.94,2,,56,secondary,4,"LINESTRING (-111.9265292 33.4220740, -111.9267437 33.4220703)",,140,248,WBT,,auto
440,14401,14405,1,11.81,1,,40,residential,6,"LINESTRING (-111.9306279 33.4145934, -111.9305359 33.4146668)",,144,250,NBR,signal,auto
441,14401,14404,1,26.16,1,,40,residential,6,"LINESTRING (-111.9306279 33.4145934, -111.9307908 33.4147857)",,144,251,NBL,signal,auto
442,14401,14406,1,32.42,1,,40,residential,6,"LINESTRING (-111.9306279 33.4145934, -111.9306129 33.4148855)",,144,252,NBT,signal,auto
443,14402,14400,1,13.0,1,,56,primary,3,"LINESTRING (-111.9308155 33.4146635, -111.9307031 33.4145937)",,144,253,EBR,signal,auto
444,14402,14405,1,26.0,1,,56,primary,3,"LINESTRING (-111.9308155 33.4146635, -111.9305359 33.4146668)",,144,254,EBT,signal,auto
445,14402,14404,1,13.74,1,,56,primary,3,"LINESTRING (-111.9308155 33.4146635, -111.9307908 33.4147857)",,144,255,EBU,signal,auto
446,14402,14406,1,31.0,1,,56,primary,3,"LINESTRING (-111.9308155 33.4146635, -111.9306129 33.4148855)",,144,256,EBL,signal,auto
447,14403,14400,1,27.98,1,,56,primary,3,"LINESTRING (-111.9305111 33.4147880, -111.9307031 33.4145937)",,144,257,WBL,signal,auto
448,14403,14405,1,13.63,1,,56,primary,3,"LINESTRING (-111.9305111 33.4147880, -111.9305359 33.4146668)",,144,258,WBU,signal,auto
449,14403,14404,1,26.0,1,,56,primary,3,"LINESTRING (-111.9305111 33.4147880, -111.9307908 33.4147857)",,144,259,WBT,signal,auto
450,14403,14406,1,14.37,1,,56,primary,3,"LINESTRING (-111.9305111 33.4147880, -111.9306129 33.4148855)",,144,260,WBR,signal,auto
451,14407,14400,1,32.96,1,,40,tertiary,5,"LINESTRING (-111.9306914 33.4148908, -111.9307031 33.4145937)",,144,261,SBT,signal,auto
452,14407,14405,1,28.73,1,,40,tertiary,5,"LINESTRING (-111.9306914 33.4148908, -111.9305359 33.4146668)",,144,262,SBL,signal,auto
453,14407,14404,1,14.87,1,,40,tertiary,5,"LINESTRING (-111.9306914 33.4148908, -111.9307908 33.4147857)",,144,263,SBR,signal,auto
454,14407,14406,1,7.32,1,,40,tertiary,5,"LINESTRING (-111.9306914 33.4148908, -111.9306129 33.4148855)",,144,264,SBU,signal,auto
455,14501,14500,1,30.0,1,,56,primary,3,"LINESTRING (-111.9262242 33.4243568, -111.9262234 33.4246274)",,145,265,NBT,signal,auto
456,14501,14504,1,30.14,1,,56,primary,3,"LINESTRING (-111.9262242 33.4243568, -111.9264663 33.4245377)",,145,266,NBL,signal,auto
457,14501,14505,1,14.91,1,,56,primary,3,"LINESTRING (-111.9262242 33.4243568, -111.9263825 33.4243784)",,145,267,NBU,signal,auto
458,14502,14500,1,14.8,1,,56,primary,3,"LINESTRING (-111.9263805 33.4246490, -111.9262234 33.4246274)",,145,268,SBU,signal,auto
459,14502,14504,1,14.69,1,,56,primary,3,"LINESTRING (-111.9263805 33.4246490, -111.9264663 33.4245377)",,145,269,SBR,signal,auto
460,14502,14505,1,30.0,1,,56,primary,3,"LINESTRING (-111.9263805 33.4246490, -111.9263825 33.4243784)",,145,270,SBT,signal,auto
461,14503,14500,1,28.35,1,,,residential,6,"LINESTRING (-111.9264678 33.4244746, -111.9262234 33.4246274)",,145,271,EBL,signal,auto
462,14503,14505,1,13.29,1,,,residential,6,"LINESTRING (-111.9264678 33.4244746, -111.9263825 33.4243784)",,145,272,EBR,signal,auto
